1830,0.0023338201
1830.1,0.0023504356
1830.2,0.0023745985
1830.3,0.002412414
1830.4,0.0024782393
1830.5,0.0026149587
1830.6,0.0030009065
1830.7,0.00477417
1830.8,0.0057687927
1830.9,0.0060071189
1831,0.0060813864
1831.1,0.0060761605
1831.2,0.0059611584
1831.3,0.0054185405
1831.4,0.0045335203
1831.5,0.0043312319
1831.6,0.0042598785
1831.7,0.0042255616
1831.8,0.0042050898
1831.9,0.0041903272
1832,0.0041771915
1832.1,0.0041646052
1832.2,0.0041494975
1832.3,0.0041287464
1832.4,0.004096558
1832.5,0.0040390393
1832.6,0.0039166571
1832.7,0.0035553222
1832.8,0.0018289878
1832.9,0.0009410374
1833,0.0010519981
1833.1,0.0022353321
1833.2,0.0025769872
1833.3,0.0026708618
1833.4,0.0027105523
1833.5,0.0027336814
1833.6,0.0027509881
1833.7,0.0027678008
1833.8,0.0027861879
1833.9,0.0028110932
1834,0.0028483668
1834.1,0.002909719
1834.2,0.0030262033
1834.3,0.003309401
1834.4,0.0044200278
1834.5,0.0064387158
1834.6,0.0068732254
1834.7,0.0070146238
1834.8,0.0070627042
1834.9,0.0070532314
1835,0.0069635014
1835.1,0.0066151125
1835.2,0.005340384
1835.3,0.0049542223
1835.4,0.0048359885
1835.5,0.0047821902
1835.6,0.0047508896
1835.7,0.0047287106
1835.8,0.0047091402
1835.9,0.004689849
1836,0.0046661895
1836.1,0.0046325863
1836.2,0.004577666
1836.3,0.0044714655
1836.4,0.0042041863
1836.5,0.0031206325
1836.6,0.0011527102
1836.7,0.0008330433
1836.8,0.0010588032
1836.9,0.0023896673
1837,0.0028081548
1837.1,0.0029262221
1837.2,0.0029779101
1837.3,0.0030085558
1837.4,0.0030327373
1837.5,0.0030570361
1837.6,0.0030870253
1837.7,0.0031295055
1837.8,0.0031976098
1837.9,0.0033247402
1838,0.003628789
1838.1,0.004795997
1838.2,0.0070982368
1838.3,0.0075984112
1838.4,0.0077649857
1838.5,0.0078326122
1838.6,0.0078502153
1838.7,0.0078229101
1838.8,0.0077176015
1838.9,0.0073483677
1839,0.0059515988
1839.1,0.0054977737
1839.2,0.0053591599
1839.3,0.0052950291
1839.4,0.0052563506
1839.5,0.0052273434
1839.6,0.0052009398
1839.7,0.0051711537
1839.8,0.0051311443
1839.9,0.0050680815
1840,0.0049493246
1840.1,0.0046585312
1840.2,0.0035120798
1840.3,0.00124579
1840.4,0.0008155684
1840.5,0.0008184919
1840.6,0.0013702067
1840.7,0.0026564463
1840.8,0.0029624506
1840.9,0.0030674436
1841,0.0031201682
1841.1,0.0031569872
1841.2,0.0031905707
1841.3,0.0032298132
1841.4,0.0032845425
1841.5,0.0033736555
1841.6,0.0035484393
1841.7,0.0040152339
1841.8,0.0060961633
1841.9,0.0076283044
1842,0.007996022
1842.1,0.0081351342
1842.2,0.0081960713
1842.3,0.0082166627
1842.4,0.0082037868
1842.5,0.0081459115
1842.6,0.0079783154
1842.7,0.0073504994
1842.8,0.0060229603
1842.9,0.0056927839
1843,0.0055731034
1843.1,0.0055103049
1843.2,0.0054673573
1843.3,0.0054306027
1843.4,0.0053906734
1843.5,0.0053376226
1843.6,0.0052527666
1843.7,0.0050854324
1843.8,0.004630558
1843.9,0.0025685874
1844,0.0010673443
1844.1,0.0007565818
1844.2,0.0007421066
1844.3,0.0010612966
1844.4,0.0025221635
1844.5,0.0030714144
1844.6,0.0032314198
1844.7,0.0033065149
1844.8,0.0033578159
1844.9,0.0034040843
1845,0.0034595047
1845.1,0.0035409427
1845.2,0.0036861249
1845.3,0.0040225121
1845.4,0.0052658031
1845.5,0.0079155938
1845.6,0.0085125739
1845.7,0.0087158526
1845.8,0.0088070593
1845.9,0.00884956
1846,0.0088630951
1846.1,0.0088517306
1846.2,0.0088046813
1846.3,0.0086817465
1846.4,0.0082947892
1846.5,0.0067958731
1846.6,0.0062238109
1846.7,0.0060483369
1846.8,0.005963293
1846.9,0.0059059351
1847,0.0058564977
1847.1,0.005800427
1847.2,0.0057207884
1847.3,0.0055800954
1847.4,0.005251544
1847.5,0.004020766
1847.6,0.0013907901
1847.7,0.0008258691
1847.8,0.0006810956
1847.9,0.0007160448
1848,0.0010488966
1848.1,0.0024866473
1848.2,0.0030733085
1848.3,0.0032489009
1848.4,0.0033355588
1848.5,0.0033991229
1848.6,0.0034640463
1848.7,0.0035522233
1848.8,0.0037040628
1848.9,0.0040498177
1849,0.0053055839
1849.1,0.0079710022
1849.2,0.0085874097
1849.3,0.0087995753
1849.4,0.0088970195
1849.5,0.0089458272
1849.6,0.008968385
1849.7,0.0089702031
1849.8,0.0089506952
1849.9,0.0088976631
1850,0.0087705014
1850.1,0.0083870367
1850.2,0.0069182446
1850.3,0.006311125
1850.4,0.0061219781
1850.5,0.0060264343
1850.6,0.0059573609
1850.7,0.005889662
1850.8,0.005801145
1850.9,0.0056516394
1851,0.0053111604
1851.1,0.0040644066
1851.2,0.0014134924
1851.3,0.0008203101
1851.4,0.0006472647
1851.5,0.0006226552
1851.6,0.0007424633
1851.7,0.0012917398
1851.8,0.0026864767
1851.9,0.0030637339
1852,0.0032056306
1852.1,0.0032938417
1852.2,0.0033758856
1852.3,0.0034853308
1852.4,0.0036812156
1852.5,0.0041792472
1852.6,0.0062534985
1852.7,0.0078741748
1852.8,0.0082814889
1852.9,0.0084423814
1853,0.0085222195
1853.1,0.0085650764
1853.2,0.0085858546
1853.3,0.0085901185
1853.4,0.0085780996
1853.5,0.0085443416
1853.6,0.0084717027
1853.7,0.0082979719
1853.8,0.0077146358
1853.9,0.0062976174
1854,0.0059053593
1854.1,0.0057533621
1854.2,0.0056586288
1854.3,0.0055729093
1854.4,0.00546229
1854.5,0.0052676834
1854.6,0.0047736314
1854.7,0.0027067004
1854.8,0.0010979606
1854.9,0.0007097166
1855,0.0005804321
1855.1,0.0005565822
1855.2,0.0006302372
1855.3,0.0009439345
1855.4,0.0021916231
1855.5,0.0027579573
1855.6,0.0029430826
1855.7,0.0030527078
1855.8,0.0031588996
1855.9,0.0033160949
1856,0.0036545532
1856.1,0.0048508286
1856.2,0.0072136553
1856.3,0.0077825069
1856.4,0.0079835414
1856.5,0.0080798898
1856.6,0.0081321147
1856.7,0.0081608364
1856.8,0.0081742368
1856.9,0.0081752946
1857,0.0081636871
1857.1,0.0081351227
1857.2,0.0080781902
1857.3,0.0079566306
1857.4,0.0076122795
1857.5,0.0063439656
1857.6,0.0057633983
1857.7,0.005568445
1857.8,0.0054522654
1857.9,0.005342172
1858,0.005183442
1858.1,0.0048458442
1858.2,0.0036533631
1858.3,0.0012973091
1858.4,0.0007392045
1858.5,0.0005553059
1858.6,0.0004871651
1858.7,0.0004852128
1858.8,0.0005612764
1858.9,0.0008437372
1859,0.0019195951
1859.1,0.002417014
1859.2,0.002593971
1859.3,0.002718712
1859.4,0.0028745566
1859.5,0.0031926522
1859.6,0.0043017815
1859.7,0.0063483128
1859.8,0.0068488303
1859.9,0.0070295422
1860,0.007116844
1860.1,0.007165015
1860.2,0.0071924838
1860.3,0.0072065458
1860.4,0.0072109587
1860.5,0.0072067294
1860.6,0.0071925403
1860.7,0.0071641874
1860.8,0.0071108241
1860.9,0.0069997023
1861,0.0066936212
1861.1,0.0056012606
1861.2,0.0050921596
1861.3,0.0049071727
1861.4,0.004777346
1861.5,0.004618361
1861.6,0.0042991458
1861.7,0.0031907659
1861.8,0.0011472746
1861.9,0.0006526492
1862,0.000481922
1862.1,0.0004110169
1862.2,0.0003906083
1862.3,0.0004145956
1862.4,0.0005158303
1862.5,0.0008851704
1862.6,0.0017276545
1862.7,0.0019929405
1862.8,0.0021398634
1862.9,0.0023169638
1863,0.0027194028
1863.1,0.0042633831
1863.2,0.0052945121
1863.3,0.005575726
1863.4,0.0056921639
1863.5,0.0057522652
1863.6,0.0057868883
1863.7,0.0058070181
1863.8,0.0058179576
1863.9,0.0058218884
1864,0.0058196638
1864.1,0.0058107247
1864.2,0.0057931689
1864.3,0.0057622504
1864.4,0.0057057667
1864.5,0.005582987
1864.6,0.0051977282
1864.7,0.0043436042
1864.8,0.0040697474
1864.9,0.0039163874
1865,0.0037346459
1865.1,0.003329307
1865.2,0.0017843748
1865.3,0.0007541444
1865.4,0.0004753343
1865.5,0.000363457
1865.6,0.0003114215
1865.7,0.0002915057
1865.8,0.000298219
1865.9,0.0003436542
1866,0.0004970831
1866.1,0.0010175025
1866.2,0.0012617731
1866.3,0.0014074435
1866.4,0.001640734
1866.5,0.0024072775
1866.6,0.0035444569
1866.7,0.0038404622
1866.8,0.0039528527
1866.9,0.0040091363
1867,0.0040403743
1867.1,0.0040588904
1867.2,0.0040698778
1867.3,0.004075074
1867.4,0.0040760652
1867.5,0.0040747352
1867.6,0.0040715121
1867.7,0.0040608385
1867.8,0.0040416665
1867.9,0.0040092514
1868,0.0039453276
1868.1,0.0037782371
1868.2,0.0032485277
1868.3,0.0029997987
1868.4,0.0028485804
1868.5,0.0026099447
1868.6,0.0018388617
1868.7,0.0006971533
1868.8,0.0003987174
1868.9,0.0002877334
1869,0.00023477
1869.1,0.0002040379
1869.2,0.0001868779
1869.3,0.0001787181
1869.4,0.0001788689
1869.5,0.000190396
1869.6,0.0002195893
1869.7,0.0002673712
1869.8,0.0003938581
1869.9,0.0008603812
1870,0.001472121
1870.1,0.0016383964
1870.2,0.0017112352
1870.3,0.0017430088
1870.4,0.0017583332
1870.5,0.0017694181
1870.6,0.0017798447
1870.7,0.0017983405
1870.8,0.0018112958
1870.9,0.001815441
1871,0.0018156159
1871.1,0.0018143728
1871.2,0.0018263664
1871.3,0.001841804
1871.4,0.0018417493
1871.5,0.0018377058
1871.6,0.0018261362
1871.7,0.0018162396
1871.8,0.0017846936
1871.9,0.0016644631
1872,0.0012056366
1872.1,0.0006103876
1872.2,0.0004922647
1872.3,0.0004380093
1872.4,0.0004213681
1872.5,0.0004249349
1872.6,0.0004793596
1872.7,0.0005004766
1872.8,0.0005080464
1872.9,0.0005355418
1873,0.0006172601
1873.1,0.0006535146
1873.2,0.0006933879
1873.3,0.0007844739
1873.4,0.0008415695
1873.5,0.0009021399
1873.6,0.0010328568
1873.7,0.0011402301
1873.8,0.0012273171
1873.9,0.0014246844
1874,0.0015716629
1874.1,0.0018226066
1874.2,0.002059641
1874.3,0.0023947432
1874.4,0.0027897272
1874.5,0.0034579638
1874.6,0.0043452694
1874.7,0.0054591586
1874.8,0.0060675993
1874.9,0.0065977979
1875,0.0070908458
1875.1,0.007186375
1875.2,0.0072280327
1875.3,0.0072305392
1875.4,0.0071547232
1875.5,0.0070988132
1875.6,0.00704684
1875.7,0.0069209166
1875.8,0.0068143765
1875.9,0.0067075764
1876,0.0064913988
1876.1,0.0063376842
1876.2,0.0060791242
1876.3,0.0058250666
1876.4,0.0054414854
1876.5,0.0050277875
1876.6,0.0043434163
1876.7,0.0034331194
1876.8,0.002251808
1876.9,0.0016105033
1877,0.0010523042
1877.1,0.0005168668
1877.2,0.0003328337
1877.3,0.0002480216
1877.4,0.000198092
1877.5,0.0001648242
1877.6,0.0001409636
1877.7,0.0001230864
1877.8,0.0001092778
1877.9,9.828888419E-005
1878,8.9511942008E-005
1878.1,8.2300803853E-005
1878.2,7.6283827711E-005
1878.3,7.1400659089E-005
1878.4,0.000067247
1878.5,6.3939617445E-005
1878.6,6.1060914376E-005
1878.7,5.8343214508E-005
1878.8,5.6849730959E-005
1878.9,5.6622851481E-005
1879,5.7587849688E-005
1879.1,6.0010403138E-005
1879.2,6.421973754E-005
1879.3,7.0832410582E-005
1879.4,8.2012610379E-005
1879.5,0.0001005351
1879.6,0.0001331371
1879.7,0.000197364
1879.8,0.0003644645
1879.9,0.0009901841
1880,0.00148079
1880.1,0.001617328
1880.2,0.0016744652
1880.3,0.001704819
1880.4,0.0017232762
1880.5,0.0017357539
1880.6,0.0017445206
1880.7,0.0017507904
1880.8,0.0017554098
1880.9,0.0017585854
1881,0.0017604859
1881.1,0.0017611212
1881.2,0.0017603394
1881.3,0.001757773
1881.4,0.001752701
1881.5,0.0017437195
1881.6,0.001727834
1881.7,0.0016983485
1881.8,0.0016378961
1881.9,0.0014753002
1882,0.0008550184
1882.1,0.0003711609
1882.2,0.0002429729
1882.3,0.0001965152
1882.4,0.0001802122
1882.5,0.0001807725
1882.6,0.0001937567
1882.7,0.0002215059
1882.8,0.0002719077
1882.9,0.0003662484
1883,0.0005719224
1883.1,0.0011953818
1883.2,0.0031618115
1883.3,0.0038892314
1883.4,0.0041209456
1883.5,0.0042265423
1883.6,0.0042852185
1883.7,0.0043216213
1883.8,0.0043456658
1883.9,0.0043620192
1884,0.0043730981
1884.1,0.0043802025
1884.2,0.004383994
1884.3,0.0043846984
1884.4,0.0043821538
1884.5,0.0043756728
1884.6,0.0043637282
1884.7,0.004345302
1884.8,0.0043156844
1884.9,0.0042658551
1885,0.0041739801
1885.1,0.0039724448
1885.2,0.0033548116
1885.3,0.001396245
1885.4,0.0006790934
1885.5,0.0004599133
1885.6,0.0003704307
1885.7,0.0003330313
1885.8,0.0003256621
1885.9,0.0003430797
1886,0.0003899183
1886.1,0.0004851409
1886.2,0.0006870524
1886.3,0.0012381741
1886.4,0.0033021542
1886.5,0.00494713
1886.6,0.0057267002
1886.7,0.0059856492
1886.8,0.0061071508
1886.9,0.006175859
1887,0.0062187124
1887.1,0.0062468
1887.2,0.0062654246
1887.3,0.0062773162
1887.4,0.0062837373
1887.5,0.0062853286
1887.6,0.0062828951
1887.7,0.0062755821
1887.8,0.0062621372
1887.9,0.0062402143
1888,0.006205344
1888.1,0.0061484454
1888.2,0.0060486473
1888.3,0.0058455238
1888.4,0.0052962517
1888.5,0.0032371229
1888.6,0.0016001863
1888.7,0.0008323716
1888.8,0.0005898929
1888.9,0.000491329
1889,0.0004552073
1889.1,0.0004596755
1889.2,0.0005048906
1889.3,0.0006116536
1889.4,0.0008540159
1889.5,0.0015644627
1889.6,0.0042071028
1889.7,0.0055026643
1889.8,0.006997989
1889.9,0.0076106315
1890,0.0078288118
1890.1,0.0079366398
1890.2,0.0079992978
1890.3,0.0080382299
1890.4,0.0080636804
1890.5,0.0080799138
1890.6,0.0080891484
1890.7,0.008092476
1890.8,0.0080901813
1890.9,0.008081852
1891,0.0080664316
1891.1,0.0080402762
1891.2,0.0079986694
1891.3,0.0079306296
1891.4,0.0078101882
1891.5,0.0075606418
1891.6,0.0068481464
1891.7,0.0042080177
1891.8,0.0029195776
1891.9,0.0014365593
1892,0.0008422825
1892.1,0.0006509209
1892.2,0.0005824895
1892.3,0.0005797013
1892.4,0.0006379086
1892.5,0.0007921099
1892.6,0.0011915469
1892.7,0.0026753836
1892.8,0.0052328813
1892.9,0.0060703076
1893,0.0072437178
1893.1,0.0083563099
1893.2,0.0086801267
1893.3,0.0088209673
1893.4,0.0088978982
1893.5,0.008944576
1893.6,0.0089740155
1893.7,0.0089922507
1893.8,0.0090024169
1893.9,0.0090050857
1894,0.0090007627
1894.1,0.0089891399
1894.2,0.0089681793
1894.3,0.0089339944
1894.4,0.0088788096
1894.5,0.0087856005
1894.6,0.0086102146
1894.7,0.0081991112
1894.8,0.0067105827
1894.9,0.0041545471
1895,0.0033246902
1895.1,0.0021656745
1895.2,0.0010758182
1895.3,0.0007874116
1895.4,0.0007015393
1895.5,0.0007140335
1895.6,0.000828589
1895.7,0.0011535765
1895.8,0.0022968051
1895.9,0.0055915083
1896,0.0065256894
1896.1,0.007067716
1896.2,0.0082350152
1896.3,0.0094527331
1896.4,0.0097910303
1896.5,0.0099336432
1896.6,0.0100097783
1896.7,0.0100548348
1896.8,0.0100820944
1896.9,0.010097849
1897,0.0101047374
1897.1,0.0101037837
1897.2,0.0100948021
1897.3,0.0100763302
1897.4,0.010045064
1897.5,0.0099941829
1897.6,0.009908594
1897.7,0.0097511836
1897.8,0.0094007355
1897.9,0.008243591
1898,0.0049436167
1898.1,0.0040125303
1898.2,0.0034819792
1898.3,0.0023361464
1898.4,0.0011535941
1898.5,0.0008718191
1898.6,0.0008239502
1898.7,0.0009243975
1898.8,0.0012877558
1898.9,0.0027244487
1899,0.005843834
1899.1,0.0066233423
1899.2,0.0070168795
1899.3,0.007570456
1899.4,0.0093218787
1899.5,0.0100773791
1899.6,0.0103134376
1899.7,0.0104213195
1899.8,0.0104804847
1899.9,0.0105151561
1900,0.010534943
1900.1,0.0105441142
1900.2,0.0105444771
1900.3,0.0105359346
1900.4,0.0105171013
1900.5,0.0104844606
1900.6,0.0104304923
1900.7,0.0103384569
1900.8,0.0101648711
1900.9,0.0097598788
1901,0.0082998974
1901.1,0.0051699819
1901.2,0.0043904938
1901.3,0.0040074112
1901.4,0.0034765946
1901.5,0.0017650074
1901.6,0.0010769623
1901.7,0.0009612951
1901.8,0.0011014274
1901.9,0.0017347716
1902,0.004728595
1902.1,0.0062891836
1902.2,0.0067423205
1902.3,0.0070225585
1902.4,0.007422467
1902.5,0.0087544808
1902.6,0.0098616137
1902.7,0.0101588876
1902.8,0.0102819085
1902.9,0.0103457572
1903,0.0103816587
1903.1,0.0104012172
1903.2,0.0104093225
1903.3,0.0104078024
1903.4,0.0103965603
1903.5,0.0103736109
1903.6,0.0103341305
1903.7,0.0102675395
1903.8,0.0101485408
1903.9,0.0099028132
1904,0.0092135874
1904.1,0.0061896998
1904.2,0.004615818
1904.3,0.0041628503
1904.4,0.0038961598
1904.5,0.0035266602
1904.6,0.0022499431
1904.7,0.0012433551
1904.8,0.0011497764
1904.9,0.0015628764
1905,0.0038251263
1905.1,0.0058241419
1905.2,0.006313296
1905.3,0.0065469762
1905.4,0.006760969
1905.5,0.0071666555
1905.6,0.0086594158
1905.7,0.0095640146
1905.8,0.0098163196
1905.9,0.0099225622
1906,0.0099771943
1906.1,0.0100068452
1906.2,0.0100213808
1906.3,0.0100247348
1906.4,0.0100179478
1906.5,0.0099998958
1906.6,0.0099667046
1906.7,0.0099100064
1906.8,0.009809284
1906.9,0.009606652
1907,0.0090730136
1907.1,0.0067512597
1907.2,0.004722944
1907.3,0.004224249
1907.4,0.0039979098
1907.5,0.0038101579
1907.6,0.0034579127
1907.7,0.0020680242
1907.8,0.0013829937
1907.9,0.001757191
1908,0.0044797022
1908.1,0.0058839924
1908.2,0.0062513115
1908.3,0.0064285729
1908.4,0.0065778699
1908.5,0.0068087075
1908.6,0.0074999575
1908.7,0.0091543728
1908.8,0.0095730394
1908.9,0.0097181794
1909,0.0097854318
1909.1,0.0098202152
1909.2,0.0098370309
1909.3,0.0098416307
1909.4,0.0098356008
1909.5,0.0098180117
1909.6,0.0097850407
1909.7,0.0097274535
1909.8,0.0096224299
1909.9,0.0094026096
1910,0.0087778583
1910.1,0.0059532317
1910.2,0.0045015784
1910.3,0.0041164484
1910.4,0.0039437703
1910.5,0.0038230019
1910.6,0.0036560362
1910.7,0.0030987561
1910.8,0.0017734458
1910.9,0.0025911515
1911,0.005236768
1911.1,0.0057965323
1911.2,0.0059900392
1911.3,0.0061032486
1911.4,0.0062135149
1911.5,0.0063958144
1911.6,0.0069283558
1911.7,0.0085546013
1911.8,0.0090058995
1911.9,0.0091522219
1912,0.0092171606
1912.1,0.0092494277
1912.2,0.0092640456
1912.3,0.0092662637
1912.4,0.0092574209
1912.5,0.0092359115
1912.6,0.0091963363
1912.7,0.0091254319
1912.8,0.0089875318
1912.9,0.0086572426
1913,0.0074224978
1913.1,0.0046366915
1913.2,0.0040190947
1913.3,0.0038069742
1913.4,0.0037043665
1913.5,0.003638683
1913.6,0.0035602407
1913.7,0.0032836215
1913.8,0.0025638966
1913.9,0.0049322751
1914,0.0054596505
1914.1,0.0056185033
1914.2,0.0057008983
1914.3,0.0057702074
1914.4,0.0058632536
1914.5,0.0060586581
1914.6,0.0067619593
1914.7,0.0079654188
1914.8,0.0082485424
1914.9,0.008349394
1915,0.0083948742
1915.1,0.0084160685
1915.2,0.008422826
1915.3,0.0084182511
1915.4,0.0084019009
1915.5,0.0083698376
1915.6,0.0083116238
1915.7,0.0081993678
1915.8,0.0079390935
1915.9,0.0070318381
1916,0.0042152885
1916.1,0.0035497505
1916.2,0.0033413788
1916.3,0.0032542571
1916.4,0.0032212134
1916.5,0.0032308523
1916.6,0.0033161587
1916.7,0.0037532983
1916.8,0.0045653356
1916.9,0.0047247057
1917,0.0047854545
1917.1,0.0048256094
1917.2,0.0048663616
1917.3,0.0049257183
1917.4,0.0050454312
1917.5,0.005411271
1917.6,0.0067295796
1917.7,0.0071279231
1917.8,0.0072483089
1917.9,0.0072984768
1918,0.0073210686
1918.1,0.0073284756
1918.2,0.0073245174
1918.3,0.0073089989
1918.4,0.0072778516
1918.5,0.0072199629
1918.6,0.0071041467
1918.7,0.0068161728
1918.8,0.0056733414
1918.9,0.0036603887
1919,0.0032265312
1919.1,0.0030825694
1919.2,0.0030302543
1919.3,0.0030342236
1919.4,0.0031202492
1919.5,0.003500267
1919.6,0.0052996332
1919.7,0.0046820568
1919.8,0.0044846133
1919.9,0.0044544225
1920,0.0044582028
1920.1,0.0044789517
1920.2,0.0045233505
1920.3,0.004624875
1920.4,0.004954283
1920.5,0.0060966009
1920.6,0.0064197407
1920.7,0.0065178741
1920.8,0.0065580058
1920.9,0.0065748538
1921,0.0065783351
1921.1,0.0065710648
1921.2,0.0065517154
1921.3,0.0065142253
1921.4,0.0064417479
1921.5,0.0062802745
1921.6,0.0057720764
1921.7,0.0036045877
1921.8,0.0029079437
1921.9,0.0027194575
1922,0.0026550918
1922.1,0.0026536283
1922.2,0.0027307273
1922.3,0.0030574147
1922.4,0.004691877
1922.5,0.0050296719
1922.6,0.004067862
1922.7,0.0038219882
1922.8,0.0037673943
1922.9,0.0037589351
1923,0.0037743045
1923.1,0.0038211057
1923.2,0.0039512533
1923.3,0.004485803
1923.4,0.0051444102
1923.5,0.0052978035
1923.6,0.0053520949
1923.7,0.0053742825
1923.8,0.0053812189
1923.9,0.005377546
1924,0.005363164
1924.1,0.0053337309
1924.2,0.0052762423
1924.3,0.0051493329
1924.4,0.0047625796
1924.5,0.0030197931
1924.6,0.0023535233
1924.7,0.0021830903
1924.8,0.0021301403
1924.9,0.0021397122
1925,0.0022404601
1925.1,0.0026857903
1925.2,0.0041756423
1925.3,0.0044039662
1925.4,0.0039805317
1925.5,0.003372463
1925.6,0.003248323
1925.7,0.0032156282
1925.8,0.0032158713
1925.9,0.0032433724
1926,0.0033277896
1926.1,0.0036563641
1926.2,0.0043463222
1926.3,0.0045052641
1926.4,0.0045572077
1926.5,0.0045778675
1926.6,0.0045837723
1926.7,0.0045798629
1926.8,0.004565899
1926.9,0.004537167
1927,0.0044792172
1927.1,0.0043415133
1927.2,0.0038581482
1927.3,0.0023115162
1927.4,0.0019530282
1927.5,0.0018532884
1927.6,0.0018328932
1927.7,0.0018776711
1927.8,0.0020837031
1927.9,0.003136745
1928,0.0036193483
1928.1,0.0036614243
1928.2,0.0033824162
1928.3,0.0027179275
1928.4,0.0025752284
1928.5,0.0025369155
1928.6,0.0025330327
1928.7,0.0025573377
1928.8,0.0026423109
1928.9,0.0030118864
1929,0.003435951
1929.1,0.0035336341
1929.2,0.0035671038
1929.3,0.0035795671
1929.4,0.0035809397
1929.5,0.003573777
1929.6,0.0035562173
1929.7,0.0035206146
1929.8,0.003441667
1929.9,0.0032096209
1930,0.0021303475
1930.1,0.0016105723
1930.2,0.0014873934
1930.3,0.0014581808
1930.4,0.0014891828
1930.5,0.0016517486
1930.6,0.0024912645
1930.7,0.0028939749
1930.8,0.0029641505
1930.9,0.0029147003
1931,0.0025623655
1931.1,0.0021487068
1931.2,0.0020592456
1931.3,0.0020353888
1931.4,0.0020392055
1931.5,0.0020771092
1931.6,0.0022298757
1931.7,0.0027451986
1931.8,0.002875863
1931.9,0.002913921
1932,0.0029276025
1932.1,0.002930516
1932.2,0.0029255794
1932.3,0.0029120615
1932.4,0.0028840914
1932.5,0.0028217601
1932.6,0.0026385192
1932.7,0.001782473
1932.8,0.0013622943
1932.9,0.0012654097
1933,0.0012476728
1933.1,0.0012903386
1933.2,0.0015117677
1933.3,0.0023193024
1933.4,0.002494891
1933.5,0.002530604
1933.6,0.0025080863
1933.7,0.0023627308
1933.8,0.001852035
1933.9,0.001725517
1934,0.0016933577
1934.1,0.0016911287
1934.2,0.0017176676
1934.3,0.0018340586
1934.4,0.0022357882
1934.5,0.0023379118
1934.6,0.0023671159
1934.7,0.0023771473
1934.8,0.0023785698
1934.9,0.0023733799
1935,0.0023603179
1935.1,0.0023324105
1935.2,0.0022656353
1935.3,0.0020294079
1935.4,0.001211794
1935.5,0.0010283828
1935.6,0.0009855692
1935.7,0.000997163
1935.8,0.0011014625
1935.9,0.0016593828
1936,0.0018800698
1936.1,0.0019291569
1936.2,0.0019363292
1936.3,0.0019113697
1936.4,0.0017959846
1936.5,0.0013953715
1936.6,0.0012954447
1936.7,0.001270973
1936.8,0.0012725055
1936.9,0.001306217
1937,0.0014734973
1937.1,0.0016795748
1937.2,0.0017246778
1937.3,0.0017388947
1937.4,0.0017428895
1937.5,0.0017410879
1937.6,0.0017334228
1937.7,0.0017164181
1937.8,0.0016777471
1937.9,0.0015590205
1938,0.0009930363
1938.1,0.0007687636
1938.2,0.0007212885
1938.3,0.0007271489
1938.4,0.0008143546
1938.5,0.0012676741
1938.6,0.0014143979
1938.7,0.0014492881
1938.8,0.0014572423
1938.9,0.0014489519
1939,0.001411863
1939.1,0.0012431001
1939.2,0.0010370287
1939.3,0.0009939416
1939.4,0.0009861019
1939.5,0.0010017704
1939.6,0.0010875498
1939.7,0.0012926735
1939.8,0.0013374977
1939.9,0.001350523
1940,0.0013542011
1940.1,0.0013529984
1940.2,0.0013470766
1940.3,0.0013336755
1940.4,0.0013025366
1940.5,0.0012029714
1940.6,0.000743729
1940.7,0.0005961536
1940.8,0.0005677278
1940.9,0.0005862447
1941,0.000726456
1941.1,0.0010065548
1941.2,0.0010613882
1941.3,0.0010768895
1941.4,0.0010800034
1941.5,0.0010740854
1941.6,0.0010520966
1941.7,0.00096311
1941.8,0.0007568928
1941.9,0.0007131078
1942,0.0007052183
1942.1,0.0007193502
1942.2,0.0008042419
1942.3,0.0009238444
1942.4,0.0009492065
1942.5,0.0009566408
1942.6,0.000958156
1942.7,0.0009560886
1942.8,0.0009499241
1942.9,0.0009359482
1943,0.000899749
1943.1,0.0007514223
1943.2,0.0004686735
1943.3,0.0004171546
1943.4,0.000417628
1943.5,0.0004864221
1943.6,0.0007399995
1943.7,0.0007921852
1943.8,0.0008063005
1943.9,0.0008104919
1944,0.0008094494
1944.1,0.0008027138
1944.2,0.0007820068
1944.3,0.0006938566
1944.4,0.00057325
1944.5,0.0005493818
1944.6,0.0005490342
1944.7,0.0005770875
1944.8,0.0006985292
1944.9,0.0007320395
1945,0.0007406172
1945.1,0.0007428605
1945.2,0.0007420782
1945.3,0.0007384904
1945.4,0.0007300421
1945.5,0.0007090753
1945.6,0.0006314068
1945.7,0.000374975
1945.8,0.0003254557
1945.9,0.0003258888
1946,0.0003933807
1946.1,0.000544906
1946.2,0.0005729693
1946.3,0.0005810766
1946.4,0.0005836199
1946.5,0.0005831716
1946.6,0.0005797752
1946.7,0.0005703302
1946.8,0.0005377709
1946.9,0.0004143861
1947,0.0003812172
1947.1,0.00037716
1947.2,0.0003949199
1947.3,0.0004801377
1947.4,0.0005045679
1947.5,0.0005106496
1947.6,0.0005121512
1947.7,0.0005114056
1947.8,0.0005085395
1947.9,0.0005018812
1948,0.0004842527
1948.1,0.0004100152
1948.2,0.0002573162
1948.3,0.0002344219
1948.4,0.0002502998
1948.5,0.0003670922
1948.6,0.0004080644
1948.7,0.0004179783
1948.8,0.0004213257
1948.9,0.0004222961
1949,0.0004216635
1949.1,0.000419237
1949.2,0.000412671
1949.3,0.0003904659
1949.4,0.0003034705
1949.5,0.0002795215
1949.6,0.0002785947
1949.7,0.0003031994
1949.8,0.0003498458
1949.9,0.0003592312
1950,0.0003616043
1950.1,0.0003617372
1950.2,0.0003603894
1950.3,0.000357043
1950.4,0.0003490829
1950.5,0.0003233815
1950.6,0.0002034911
1950.7,0.0001647404
1950.8,0.0001691018
1950.9,0.0002417019
1951,0.0002734471
1951.1,0.0002806181
1951.2,0.0002828721
1951.3,0.0002835682
1951.4,0.0002834114
1951.5,0.0002824653
1951.6,0.0002799716
1951.7,0.0002731647
1951.8,0.0002454616
1951.9,0.0001980004
1952,0.0001906142
1952.1,0.0002000323
1952.2,0.0002393032
1952.3,0.0002481133
1952.4,0.0002501784
1952.5,0.000250371
1952.6,0.0002495449
1952.7,0.000247433
1952.8,0.0002424194
1952.9,0.000226723
1953,0.0001507561
1953.1,0.0001208534
1953.2,0.0001289222
1953.3,0.0001863884
1953.4,0.0001991478
1953.5,0.0002023349
1953.6,0.0002032588
1953.7,0.0002034111
1953.8,0.0002031359
1953.9,0.0002024429
1954,0.0002009591
1954.1,0.0001974585
1954.2,0.0001844822
1954.3,0.0001442539
1954.4,0.0001369838
1954.5,0.0001455354
1954.6,0.0001678883
1954.7,0.0001722282
1954.8,0.0001731786
1954.9,0.0001730907
1955,0.0001723374
1955.1,0.0001705459
1955.2,0.0001660725
1955.3,0.000149798
1955.4,9.075260975E-005
1955.5,8.2956058105E-005
1955.6,0.0001121687
1955.7,0.0001266782
1955.8,0.0001296945
1955.9,0.0001305839
1956,0.0001308305
1956.1,0.0001307619
1956.2,0.0001303202
1956.3,0.0001295957
1956.4,0.0001282867
1956.5,0.0001253165
1956.6,0.0001137838
1956.7,9.1015142468E-005
1956.8,8.9835057678E-005
1956.9,0.000105827
1957,0.0001114383
1957.1,0.0001125553
1957.2,0.0001126694
1957.3,0.0001123094
1957.4,0.0001114029
1957.5,0.0001093092
1957.6,0.0001027884
1957.7,7.0456691935E-005
1957.8,5.873494013E-005
1957.9,7.8016885478E-005
1958,0.000086282
1958.1,8.7949140332E-005
1958.2,8.8413167115E-005
1958.3,8.8513381993E-005
1958.4,8.8478332061E-005
1958.5,8.8323234395E-005
1958.6,0.00008802
1958.7,8.7423265819E-005
1958.8,8.6085238873E-005
1958.9,8.1951278819E-005
1959,6.4675311415E-005
1959.1,6.0527073473E-005
1959.2,6.9921189015E-005
1959.3,7.346520906E-005
1959.4,7.4191309944E-005
1959.5,7.448726878E-005
1959.6,7.4494141564E-005
1959.7,7.3976713459E-005
1959.8,7.2615213373E-005
1959.9,6.8185357841E-005
1960,4.6141207748E-005
1960.1,0.000042195
1960.2,5.5202182567E-005
1960.3,5.7441604574E-005
1960.4,5.7933615047E-005
1960.5,5.804427626E-005
1960.6,5.8030478947E-005
1960.7,5.7952543332E-005
1960.8,5.7834878095E-005
1960.9,5.7632353712E-005
1961,5.7268698753E-005
1961.1,5.6493712289E-005
1961.2,5.4092575482E-005
1961.3,4.3431819925E-005
1961.4,4.1858153066E-005
1961.5,4.7521076004E-005
1961.6,4.8259131116E-005
1961.7,4.8137903159E-005
1961.8,4.79645837E-005
1961.9,4.7694939274E-005
1962,4.717569808E-005
1962.1,4.5888654348E-005
1962.2,4.06927565E-005
1962.3,0.0000281
1962.4,3.595947813E-005
1962.5,3.7658260606E-005
1962.6,3.795943143E-005
1962.7,0.000038007
1962.8,3.7984556842E-005
1962.9,3.7931633938E-005
1963,3.7861138351E-005
1963.1,3.7765171431E-005
1963.2,3.7606409157E-005
1963.3,0.00003732
1963.4,3.6639701246E-005
1963.5,3.4013780148E-005
1963.6,2.8238749596E-005
1963.7,3.1472434966E-005
1963.8,3.224012074E-005
1963.9,3.2321577045E-005
1964,3.2252726722E-005
1964.1,3.209068857E-005
1964.2,3.176843788E-005
1964.3,3.093307472E-005
1964.4,2.8370719858E-005
1964.5,1.9518227408E-005
1964.6,0.000022789
1964.7,2.3224473781E-005
1964.8,2.3267365199E-005
1964.9,2.3280376638E-005
1965,2.3430661934E-005
1965.1,2.3671319556E-005
1965.2,2.3833067184E-005
1965.3,2.3826382438E-005
1965.4,2.3758518531E-005
1965.5,2.3622810048E-005
1965.6,2.331311169E-005
1965.7,2.2237464389E-005
1965.8,0.000018402
1965.9,1.9779387329E-005
1966,1.9970406629E-005
1966.1,1.9952721927E-005
1966.2,1.9888449771E-005
1966.3,1.9786192191E-005
1966.4,1.960630512E-005
1966.5,1.9183245325E-005
1966.6,1.7474460345E-005
1966.7,0.000015053
1966.8,1.5218594369E-005
1966.9,1.5139321803E-005
1967,1.5030748629E-005
1967.1,1.4785816533E-005
1967.2,1.4455126996E-005
1967.3,1.4202599388E-005
1967.4,1.4115563159E-005
1967.5,1.406317967E-005
1967.6,0.000014011
1967.7,1.3943871373E-005
1967.8,1.3825073698E-005
1967.9,1.3396648169E-005
1968,1.2573878409E-005
1968.1,1.2715844142E-005
1968.2,1.2699117882E-005
1968.3,1.2662282942E-005
1968.4,0.000012614
1968.5,1.2543275886E-005
1968.6,1.2412518448E-005
1968.7,1.205066379E-005
1968.8,0.000010456
1968.9,9.8777462298E-006
1969,9.7082155259E-006
1969.1,9.6274429852E-006
1969.2,9.5772189031E-006
1969.3,0.00000954
1969.4,9.5086196962E-006
1969.5,9.4785004758E-006
1969.6,9.4451187559E-006
1969.7,9.4028421022E-006
1969.8,9.3351777445E-006
1969.9,9.1836320884E-006
1970,8.6833536645E-006
1970.1,7.6616762858E-006
1970.2,7.2535965867E-006
1970.3,7.1296856969E-006
1970.4,0.000007071
1970.5,7.0375463652E-006
1970.6,7.022490026E-006
1970.7,7.0530681687E-006
1970.8,7.3477074174E-006
1970.9,6.9395237716E-006
1971,6.3949310341E-006
1971.1,6.2705668597E-006
1971.2,6.2197932701E-006
1971.3,6.1912489444E-006
1971.4,6.1715401028E-006
1971.5,6.1559259217E-006
1971.6,6.1419164839E-006
1971.7,6.1281948456E-006
1971.8,6.1146440965E-006
1971.9,6.0982303779E-006
1972,6.0797987534E-006
1972.1,6.0874369092E-006
1972.2,5.6715512312E-006
1972.3,5.3721274913E-006
1972.4,5.2884408974E-006
1972.5,5.244463614E-006
1972.6,5.208900002E-006
1972.7,5.1713983616E-006
1972.8,5.1416599293E-006
1972.9,5.1978010607E-006
1973,3.6547407315E-006
1973.1,3.288924342E-006
1973.2,3.1778445946E-006
1973.3,0.00000313
1973.4,3.108294673E-006
1973.5,3.1046458086E-006
1973.6,3.1264129284E-006
1973.7,3.2311697866E-006
1973.8,3.5680711989E-006
1973.9,3.7992482379E-006
1974,3.858220857E-006
1974.1,3.9175082616E-006
1974.2,4.0506145083E-006
1974.3,3.5681500807E-006
1974.4,3.463512789E-006
1974.5,3.4306271573E-006
1974.6,3.4171658247E-006
1974.7,3.4195850509E-006
1974.8,3.4862188604E-006
1974.9,3.7976644943E-006
1975,3.0708944864E-006
1975.1,2.8229228381E-006
1975.2,2.7548088164E-006
1975.3,2.7226326839E-006
1975.4,2.7012775385E-006
1975.5,2.6818129336E-006
1975.6,2.6576921916E-006
1975.7,2.6155764813E-006
1975.8,2.4954462173E-006
1975.9,2.1474346525E-006
1976,1.9157246623E-006
1976.1,1.9097743234E-006
1976.2,1.9576664207E-006
1976.3,1.6166820754E-006
1976.4,1.5293212405E-006
1976.5,0.000001513
1976.6,1.5305461696E-006
1976.7,1.6217946016E-006
1976.8,2.0527011639E-006
1976.9,2.3177218938E-006
1977,1.9037101192E-006
1977.1,1.8091523409E-006
1977.2,1.7858656957E-006
1977.3,1.7766516298E-006
1977.4,1.7716473186E-006
1977.5,1.7683924357E-006
1977.6,1.7658915674E-006
1977.7,0.000001764
1977.8,1.7629337486E-006
1977.9,1.7644962167E-006
1978,1.7811535675E-006
1978.1,1.8702431106E-006
1978.2,1.8164236948E-006
1978.3,1.643386748E-006
1978.4,1.6022199484E-006
1978.5,1.5852488809E-006
1978.6,0.000001579
1978.7,1.6251628252E-006
1978.8,0.000001598
1978.9,1.1390612625E-006
1979,7.397835008E-007
1979.1,6.4347812303E-007
1979.2,6.0793729137E-007
1979.3,5.9150485878E-007
1979.4,5.8431050652E-007
1979.5,0.000000584
1979.6,5.9182685533E-007
1979.7,6.1624865248E-007
1979.8,7.0054136394E-007
1979.9,9.808411928E-007
1980,1.1740703758E-006
