1550,9.9509865732E-005
1550.1,0.0001007877
1550.2,0.000101602
1550.3,0.000102566
1550.4,0.0001063453
1550.5,0.0001085149
1550.6,0.0001108498
1550.7,0.0001122307
1550.8,0.0001130252
1550.9,0.0001128469
1551,0.0001134597
1551.1,0.0001173349
1551.2,0.0001228547
1551.3,0.0001245427
1551.4,0.0001242948
1551.5,0.0001276725
1551.6,0.0001313418
1551.7,0.0001336769
1551.8,0.0001331631
1551.9,0.0001335538
1552,0.0001360306
1552.1,0.0001397882
1552.2,0.0001443344
1552.3,0.0001487155
1552.4,0.0001490233
1552.5,0.0001499108
1552.6,0.0001552014
1552.7,0.0001585068
1552.8,0.000159827
1552.9,0.0001622263
1553,0.0001643185
1553.1,0.0001672524
1553.2,0.0001687308
1553.3,0.000170105
1553.4,0.000174648
1553.5,0.0001793858
1553.6,0.0001827156
1553.7,0.0001854421
1553.8,0.0001884652
1553.9,0.0001910097
1554,0.0001944101
1554.1,0.0001968428
1554.2,0.0001971335
1554.3,0.000201902
1554.4,0.0002077208
1554.5,0.000213199
1554.6,0.0002167995
1554.7,0.0002174345
1554.8,0.0002196008
1554.9,0.0002258042
1555,0.0002307843
1555.1,0.0002354914
1555.2,0.0002405248
1555.3,0.0002445699
1555.4,0.0002469881
1555.5,0.0002482517
1555.6,0.0002502433
1555.7,0.0002540778
1555.8,0.0002593724
1555.9,0.0002662577
1556,0.0002759742
1556.1,0.0002805432
1556.2,0.0002844525
1556.3,0.0002911992
1556.4,0.0002899969
1556.5,0.0002870995
1556.6,0.0002916369
1556.7,0.0003011483
1556.8,0.0003090094
1556.9,0.0003180743
1557,0.0003231897
1557.1,0.0003289261
1557.2,0.0003379332
1557.3,0.0003431203
1557.4,0.0003443886
1557.5,0.0003480386
1557.6,0.0003494517
1557.7,0.0003541736
1557.8,0.000362035
1557.9,0.0003678704
1558,0.0003778179
1558.1,0.0003828731
1558.2,0.000397172
1558.3,0.0004048477
1558.4,0.000403324
1558.5,0.0004077295
1558.6,0.0004122748
1558.7,0.0004108761
1558.8,0.0004150458
1558.9,0.0004282399
1559,0.0004433897
1559.1,0.0004566459
1559.2,0.0004632792
1559.3,0.0004691791
1559.4,0.000471712
1559.5,0.0004815248
1559.6,0.0004838956
1559.7,0.0004869399
1559.8,0.0004959803
1559.9,0.0005066602
1560,0.0005212243
1560.1,0.0005273846
1560.2,0.0005367369
1560.3,0.0005420524
1560.4,0.0005507405
1560.5,0.0005648478
1560.6,0.0005685582
1560.7,0.0005705519
1560.8,0.0005831697
1560.9,0.0005903855
1561,0.0005969344
1561.1,0.0006070729
1561.2,0.000621235
1561.3,0.0006425789
1561.4,0.0006484634
1561.5,0.0006585774
1561.6,0.0006615259
1561.7,0.0006733047
1561.8,0.0006854326
1561.9,0.000689078
1562,0.0006980608
1562.1,0.0007158983
1562.2,0.0007396251
1562.3,0.0007488565
1562.4,0.0007496976
1562.5,0.000757363
1562.6,0.0007669824
1562.7,0.0007863575
1562.8,0.000798176
1562.9,0.0008013687
1563,0.0008124394
1563.1,0.0008333679
1563.2,0.000849888
1563.3,0.0008622101
1563.4,0.0008591024
1563.5,0.0008764777
1563.6,0.0009000347
1563.7,0.0009173544
1563.8,0.0009215014
1563.9,0.0009318768
1564,0.0009516277
1564.1,0.0009622216
1564.2,0.0009853664
1564.3,0.0010055899
1564.4,0.0010209773
1564.5,0.0010293942
1564.6,0.0010356325
1564.7,0.0010517946
1564.8,0.0010593831
1564.9,0.0010770247
1565,0.0011034493
1565.1,0.00111522
1565.2,0.0011433721
1565.3,0.0011731738
1565.4,0.0011744407
1565.5,0.0011871147
1565.6,0.0011835114
1565.7,0.0011934536
1565.8,0.0012387005
1565.9,0.0012667648
1566,0.0012843879
1566.1,0.0012969285
1566.2,0.0013350667
1566.3,0.0013577396
1566.4,0.0013570045
1566.5,0.0013723715
1566.6,0.0013964839
1566.7,0.0014065071
1566.8,0.0014215048
1566.9,0.0014593061
1567,0.0014820289
1567.1,0.0014935343
1567.2,0.0015328109
1567.3,0.0015586422
1567.4,0.001572907
1567.5,0.0015861406
1567.6,0.0015878373
1567.7,0.0016106616
1567.8,0.0016149454
1567.9,0.0016469277
1568,0.0017179724
1568.1,0.0017427215
1568.2,0.0017605278
1568.3,0.0017862984
1568.4,0.0018170566
1568.5,0.0018149778
1568.6,0.00181313
1568.7,0.0018490093
1568.8,0.0018915334
1568.9,0.0019246464
1569,0.0019751383
1569.1,0.0019949992
1569.2,0.0020077527
1569.3,0.002023999
1569.4,0.0020734008
1569.5,0.0020743649
1569.6,0.002100054
1569.7,0.0021250364
1569.8,0.0021564023
1569.9,0.0022022851
1570,0.0022258196
1570.1,0.0022500461
1570.2,0.0023035868
1570.3,0.0023315081
1570.4,0.0023701074
1570.5,0.0023926995
1570.6,0.002418256
1570.7,0.0024372558
1570.8,0.0024654005
1570.9,0.0025441074
1571,0.0025945714
1571.1,0.0026166805
1571.2,0.0026468639
1571.3,0.0026616309
1571.4,0.0027017203
1571.5,0.0027320948
1571.6,0.0027595181
1571.7,0.0027861967
1571.8,0.0028397708
1571.9,0.0028827252
1572,0.002938678
1572.1,0.0029612733
1572.2,0.0029721462
1572.3,0.0029884981
1572.4,0.0030848742
1572.5,0.003134417
1572.6,0.0031429165
1572.7,0.0031919821
1572.8,0.0032209045
1572.9,0.0032447747
1573,0.0033122254
1573.1,0.0033657126
1573.2,0.003381262
1573.3,0.0034229568
1573.4,0.0034892807
1573.5,0.0035449571
1573.6,0.0035486053
1573.7,0.0035923978
1573.8,0.0036201897
1573.9,0.0036972244
1574,0.0037447681
1574.1,0.0037838039
1574.2,0.0038133796
1574.3,0.0038469481
1574.4,0.003915723
1574.5,0.0039942267
1574.6,0.0040392939
1574.7,0.004056306
1574.8,0.0041194653
1574.9,0.0041855427
1575,0.0042028153
1575.1,0.0042311421
1575.2,0.0043258175
1575.3,0.0043830697
1575.4,0.0044819701
1575.5,0.0045542789
1575.6,0.0045809888
1575.7,0.0045859132
1575.8,0.0046661819
1575.9,0.0047360059
1576,0.0047664426
1576.1,0.0048270807
1576.2,0.004911489
1576.3,0.0049622927
1576.4,0.0050525361
1576.5,0.0051097571
1576.6,0.005131676
1576.7,0.0051925269
1576.8,0.0052814394
1576.9,0.0053372702
1577,0.0053438715
1577.1,0.0053814278
1577.2,0.0054989032
1577.3,0.0055991887
1577.4,0.0056966493
1577.5,0.0057594361
1577.6,0.0058126686
1577.7,0.0058331011
1577.8,0.0058572204
1577.9,0.0058830263
1578,0.0059123588
1578.1,0.0059982514
1578.2,0.0061408903
1578.3,0.0062178257
1578.4,0.006275022
1578.5,0.0063612601
1578.6,0.0064228258
1578.7,0.0064534808
1578.8,0.0065000913
1578.9,0.0065455989
1579,0.0065811003
1579.1,0.0066305538
1579.2,0.0067858288
1579.3,0.0069235575
1579.4,0.0070025961
1579.5,0.0071537475
1579.6,0.0072229094
1579.7,0.0072413284
1579.8,0.0072090312
1579.9,0.0072436746
1580,0.0072983924
1580.1,0.0074085979
1580.2,0.0076219203
1580.3,0.0077625105
1580.4,0.007791664
1580.5,0.007959454
1580.6,0.0080085946
1580.7,0.0080287768
1580.8,0.008016765
1580.9,0.0080829842
1581,0.0081884033
1581.1,0.0082574905
1581.2,0.0084659114
1581.3,0.0086577973
1581.4,0.0087546845
1581.5,0.0089208687
1581.6,0.0089494436
1581.7,0.008925017
1581.8,0.0088613804
1581.9,0.0088765428
1582,0.0089952743
1582.1,0.0091340962
1582.2,0.0094572894
1582.3,0.0095886382
1582.4,0.0096203236
1582.5,0.0096949921
1582.6,0.0097220039
1582.7,0.0096863836
1582.8,0.0096137889
1582.9,0.0096492553
1583,0.0098039659
1583.1,0.0100027424
1583.2,0.0101843949
1583.3,0.0103617904
1583.4,0.010496847
1583.5,0.0106187731
1583.6,0.0106792005
1583.7,0.0106092849
1583.8,0.0105108627
1583.9,0.0105358343
1584,0.0107375791
1584.1,0.0110248801
1584.2,0.011317984
1584.3,0.0115185342
1584.4,0.0114866384
1584.5,0.0114500506
1584.6,0.0116083801
1584.7,0.0115259301
1584.8,0.0114339193
1584.9,0.0115211883
1585,0.0118630264
1585.1,0.0121789444
1585.2,0.0122822573
1585.3,0.012481593
1585.4,0.0125782623
1585.5,0.0127375381
1585.6,0.0129749317
1585.7,0.0127666129
1585.8,0.012656866
1585.9,0.0127547457
1586,0.0130142052
1586.1,0.0134265564
1586.2,0.013641094
1586.3,0.0138655157
1586.4,0.0136868485
1586.5,0.0137204526
1586.6,0.0138947681
1586.7,0.0136548853
1586.8,0.0135839498
1586.9,0.01371606
1587,0.0140919549
1587.1,0.0145845981
1587.2,0.0145014384
1587.3,0.0145748461
1587.4,0.014585216
1587.5,0.014845471
1587.6,0.0150483183
1587.7,0.0146122704
1587.8,0.0145374362
1587.9,0.0146585229
1588,0.0150067625
1588.1,0.0154688854
1588.2,0.0155713248
1588.3,0.015825281
1588.4,0.0156418577
1588.5,0.0158491771
1588.6,0.0157982091
1588.7,0.01552633
1588.8,0.0155278416
1588.9,0.0157174188
1589,0.0163087818
1589.1,0.0168766477
1589.2,0.0165673943
1589.3,0.0167543109
1589.4,0.0168680094
1589.5,0.0173208302
1589.6,0.0174105449
1589.7,0.0169792997
1589.8,0.0169528912
1589.9,0.0172327331
1590,0.0177868659
1590.1,0.018073734
1590.2,0.0183184028
1590.3,0.0186021743
1590.4,0.0184849877
1590.5,0.0185702111
1590.6,0.0181519349
1590.7,0.0179197834
1590.8,0.0179955091
1590.9,0.018427201
1591,0.019054215
1591.1,0.0193064872
1591.2,0.0190829506
1591.3,0.0192616576
1591.4,0.0194735084
1591.5,0.0196269248
1591.6,0.0193765392
1591.7,0.0189547763
1591.8,0.0190715782
1591.9,0.0193353753
1592,0.0196561824
1592.1,0.0197756984
1592.2,0.0203864451
1592.3,0.0204298154
1592.4,0.0202608716
1592.5,0.0198321625
1592.6,0.0194096494
1592.7,0.0195272651
1592.8,0.0198658595
1592.9,0.0202788686
1593,0.0208685847
1593.1,0.0210791846
1593.2,0.0211670348
1593.3,0.0213484378
1593.4,0.0213005555
1593.5,0.0212050955
1593.6,0.0211676707
1593.7,0.0210571488
1593.8,0.0211465857
1593.9,0.0214856401
1594,0.0219260583
1594.1,0.0227704387
1594.2,0.0233375869
1594.3,0.0229688263
1594.4,0.0223963763
1594.5,0.0218990947
1594.6,0.0219792588
1594.7,0.0221086708
1594.8,0.0222967081
1594.9,0.0229160865
1595,0.0236666446
1595.1,0.023886285
1595.2,0.0238220483
1595.3,0.0234330981
1595.4,0.023162782
1595.5,0.0234778911
1595.6,0.0231857249
1595.7,0.0228728293
1595.8,0.0230633215
1595.9,0.0235549824
1596,0.0244414153
1596.1,0.02499527
1596.2,0.0242740821
1596.3,0.0232694874
1596.4,0.0226612746
1596.5,0.0225145158
1596.6,0.0224757785
1596.7,0.0226305835
1596.8,0.0234296552
1596.9,0.0245892033
1597,0.025100538
1597.1,0.0247607475
1597.2,0.0240521198
1597.3,0.0237392395
1597.4,0.0241229561
1597.5,0.024037808
1597.6,0.0235377735
1597.7,0.0239773378
1597.8,0.0247624189
1597.9,0.0261643686
1598,0.0268543981
1598.1,0.0261183848
1598.2,0.0252177769
1598.3,0.0247061123
1598.4,0.024506684
1598.5,0.0244315063
1598.6,0.0248631766
1598.7,0.0258438797
1598.8,0.0273378603
1598.9,0.027610819
1599,0.0267570861
1599.1,0.0256837345
1599.2,0.0251967653
1599.3,0.0255075703
1599.4,0.0254076776
1599.5,0.0249604836
1599.6,0.0253734532
1599.7,0.0262539326
1599.8,0.0273537038
1599.9,0.0273209939
1600,0.0256804259
1600.1,0.0243042199
1600.2,0.0235220451
1600.3,0.0231375591
1600.4,0.0232472647
1600.5,0.0241278952
1600.6,0.0254796315
1600.7,0.0267552708
1600.8,0.0266764872
1600.9,0.0252381743
1601,0.0242902404
1601.1,0.0240997548
1601.2,0.0247074352
1601.3,0.0249885344
1601.4,0.0251992348
1601.5,0.0260301616
1601.6,0.0276011922
1601.7,0.0285113785
1601.8,0.0278873207
1601.9,0.0261308607
1602,0.0251214522
1602.1,0.0247699926
1602.2,0.024824994
1602.3,0.0254738841
1602.4,0.0265733717
1602.5,0.0280201471
1602.6,0.0282111281
1602.7,0.0270901772
1602.8,0.0253643477
1602.9,0.0245105787
1603,0.0246208442
1603.1,0.0251210834
1603.2,0.0254036973
1603.3,0.02537553
1603.4,0.0260154152
1603.5,0.0267141727
1603.6,0.0259807767
1603.7,0.0240660857
1603.8,0.0222755998
1603.9,0.0216520495
1604,0.021654954
1604.1,0.0222695194
1604.2,0.023343793
1604.3,0.0248412339
1604.4,0.0255129997
1604.5,0.0249320264
1604.6,0.0235675724
1604.7,0.0229269655
1604.8,0.0233944762
1604.9,0.0246391812
1605,0.0255018049
1605.1,0.0257669945
1605.2,0.0260746233
1605.3,0.0268943245
1605.4,0.0264542988
1605.5,0.025193025
1605.6,0.0234311211
1605.7,0.0228191
1605.8,0.0227433035
1605.9,0.0231591736
1606,0.023921588
1606.1,0.0250117368
1606.2,0.0252435655
1606.3,0.024373789
1606.4,0.0227531704
1606.5,0.0214679667
1606.6,0.021119209
1606.7,0.0215112495
1606.8,0.0218985918
1606.9,0.0217561551
1607,0.0215111634
1607.1,0.0218942221
1607.2,0.0216537
1607.3,0.0209023954
1607.4,0.0196905658
1607.5,0.0197252833
1607.6,0.0204707172
1607.7,0.0216679678
1607.8,0.0228063494
1607.9,0.0237545485
1608,0.0238232277
1608.1,0.0231137224
1608.2,0.0218144644
1608.3,0.0209349575
1608.4,0.0208397879
1608.5,0.0214060491
1608.6,0.0219575928
1608.7,0.0221326652
1608.8,0.0222212071
1608.9,0.0220675387
1609,0.0215677213
1609.1,0.0204852665
1609.2,0.0190848566
1609.3,0.0185491596
1609.4,0.0184567687
1609.5,0.0186366549
1609.6,0.0189851001
1609.7,0.018989425
1609.8,0.0184280824
1609.9,0.0179437891
1610,0.0177571217
1610.1,0.0181953883
1610.2,0.0187366914
1610.3,0.0194169002
1610.4,0.0197948553
1610.5,0.0200705857
1610.6,0.0202003097
1610.7,0.0198327124
1610.8,0.0194136051
1610.9,0.0184528363
1611,0.0176430226
1611.1,0.0174015077
1611.2,0.0174702794
1611.3,0.0178887463
1611.4,0.0182004646
1611.5,0.0181969773
1611.6,0.0178565203
1611.7,0.0172404509
1611.8,0.0167942071
1611.9,0.0167934342
1612,0.0172190073
1612.1,0.0177090699
1612.2,0.0174177097
1612.3,0.0172858142
1612.4,0.0169441264
1612.5,0.0166287285
1612.6,0.0161530615
1612.7,0.015302423
1612.8,0.014981493
1612.9,0.0149710307
1613,0.015186993
1613.1,0.0153828271
1613.2,0.0155915805
1613.3,0.0157262192
1613.4,0.0155972812
1613.5,0.0157159937
1613.6,0.016264557
1613.7,0.0169244008
1613.8,0.0170012412
1613.9,0.0167485847
1614,0.0163276717
1614.1,0.0154246512
1614.2,0.0140971519
1614.3,0.0134161822
1614.4,0.0129243716
1614.5,0.01267873
1614.6,0.0127888635
1614.7,0.0132706981
1614.8,0.0140918735
1614.9,0.0144841788
1615,0.0145054394
1615.1,0.0143246616
1615.2,0.0141682333
1615.3,0.0139281805
1615.4,0.0136184468
1615.5,0.0133528889
1615.6,0.0129065618
1615.7,0.0120068141
1615.8,0.0109987392
1615.9,0.0105562137
1616,0.0103693018
1616.1,0.010079058
1616.2,0.0098242721
1616.3,0.0098378651
1616.4,0.0098477565
1616.5,0.0097548037
1616.6,0.0096324197
1616.7,0.0094636595
1616.8,0.0090896494
1616.9,0.0083389968
1617,0.0080814171
1617.1,0.0083045046
1617.2,0.0085508367
1617.3,0.0086393179
1617.4,0.0086962773
1617.5,0.0088273386
1617.6,0.0089611208
1617.7,0.0089956427
1617.8,0.0093020635
1617.9,0.0098598504
1618,0.0103685356
1618.1,0.0108029365
1618.2,0.0113640876
1618.3,0.0119300408
1618.4,0.0122630109
1618.5,0.0124585136
1618.6,0.0128439974
1618.7,0.0135237985
1618.8,0.0141391793
1618.9,0.014393104
1619,0.0147858002
1619.1,0.015129941
1619.2,0.0152485609
1619.3,0.0152807611
1619.4,0.0156081082
1619.5,0.0162835232
1619.6,0.0167839687
1619.7,0.0173395606
1619.8,0.0182459348
1619.9,0.0191125412
1620,0.0192806025
1620.1,0.0192022325
1620.2,0.0192813544
1620.3,0.019711046
1620.4,0.0201822982
1620.5,0.0203995995
1620.6,0.0210083605
1620.7,0.0214474037
1620.8,0.0212384586
1620.9,0.0209305466
1621,0.0210377664
1621.1,0.021534023
1621.2,0.021772976
1621.3,0.0223339086
1621.4,0.0237605372
1621.5,0.0249042545
1621.6,0.0249934397
1621.7,0.0248505842
1621.8,0.024726187
1621.9,0.0249833741
1622,0.0250551428
1622.1,0.0252946588
1622.2,0.0261191338
1622.3,0.0264501327
1622.4,0.0259452569
1622.5,0.0252915498
1622.6,0.0253428581
1622.7,0.0255856568
1622.8,0.0255720221
1622.9,0.0264264778
1623,0.0282448648
1623.1,0.0294623517
1623.2,0.0293176297
1623.3,0.0291945006
1623.4,0.0293485161
1623.5,0.0292072604
1623.6,0.0289587899
1623.7,0.0292272905
1623.8,0.0300684488
1623.9,0.0300233949
1624,0.0290485564
1624.1,0.0283125212
1624.2,0.028579126
1624.3,0.028394112
1624.4,0.028510289
1624.5,0.0297746616
1624.6,0.031742552
1624.7,0.0325372526
1624.8,0.0322082701
1624.9,0.0323939887
1625,0.0328167255
1625.1,0.0323372306
1625.2,0.0317441817
1625.3,0.0321716471
1625.4,0.0324933119
1625.5,0.0317797878
1625.6,0.0306562032
1625.7,0.0303999541
1625.8,0.030567192
1625.9,0.0301164081
1626,0.0307567716
1626.1,0.0325614607
1626.2,0.0341844739
1626.3,0.0341532486
1626.4,0.0341565011
1626.5,0.0349534155
1626.6,0.0350622901
1626.7,0.0339348913
1626.8,0.0334135619
1626.9,0.0336837779
1627,0.033284163
1627.1,0.0320477118
1627.2,0.0313868339
1627.3,0.0315716915
1627.4,0.0311934449
1627.5,0.0313236346
1627.6,0.0326160227
1627.7,0.0345272769
1627.8,0.0349410037
1627.9,0.0348951562
1628,0.0358156041
1628.1,0.0363141505
1628.2,0.035287904
1628.3,0.033921085
1628.4,0.0337792303
1628.5,0.0334067529
1628.6,0.0322604926
1628.7,0.031629677
1628.8,0.0315452382
1628.9,0.031359747
1629,0.0311892516
1629.1,0.0321651978
1629.2,0.0339360602
1629.3,0.0345463008
1629.4,0.0347229033
1629.5,0.0355772113
1629.6,0.0361397844
1629.7,0.035296466
1629.8,0.0334823498
1629.9,0.0328963439
1630,0.0324616091
1630.1,0.0315214075
1630.2,0.0308043553
1630.3,0.0305467786
1630.4,0.0304746015
1630.5,0.0302737532
1630.6,0.0311924707
1630.7,0.0328371419
1630.8,0.0333136462
1630.9,0.0336592432
1631,0.0345718686
1631.1,0.0348355794
1631.2,0.0337719277
1631.3,0.0319724255
1631.4,0.0312921424
1631.5,0.0306234001
1631.6,0.0297752787
1631.7,0.029088838
1631.8,0.0288370338
1631.9,0.0287796468
1632,0.0289330422
1632.1,0.0299735346
1632.2,0.0310654865
1632.3,0.0314742559
1632.4,0.0321493289
1632.5,0.0327611311
1632.6,0.0324573011
1632.7,0.0312181559
1632.8,0.0295645749
1632.9,0.0288021236
1633,0.028122754
1633.1,0.0272373905
1633.2,0.0266698989
1633.3,0.0265661025
1633.4,0.0268513378
1633.5,0.0273527109
1633.6,0.0281807549
1633.7,0.0288836868
1633.8,0.0293818625
1633.9,0.0299651234
1634,0.0299145991
1634.1,0.0291306563
1634.2,0.027644548
1634.3,0.0264477469
1634.4,0.0257506221
1634.5,0.0249176633
1634.6,0.0241104514
1634.7,0.0239546586
1634.8,0.0242531363
1634.9,0.0249181418
1635,0.0252978968
1635.1,0.0259527176
1635.2,0.0265334621
1635.3,0.0268941596
1635.4,0.0268369212
1635.5,0.0261892711
1635.6,0.0248707465
1635.7,0.023818323
1635.8,0.0229895985
1635.9,0.022196741
1636,0.0213478294
1636.1,0.0211720006
1636.2,0.0215226205
1636.3,0.0223634594
1636.4,0.0225871713
1636.5,0.0230637996
1636.6,0.023612627
1636.7,0.0236647603
1636.8,0.0234481137
1636.9,0.0228223536
1637,0.0216697634
1637.1,0.0208671374
1637.2,0.0200837046
1637.3,0.0191712902
1637.4,0.0184439529
1637.5,0.0183822629
1637.6,0.019078706
1637.7,0.0197280089
1637.8,0.019905433
1637.9,0.0203401204
1638,0.0204418674
1638.1,0.0202391472
1638.2,0.0199379258
1638.3,0.0193028813
1638.4,0.0183068722
1638.5,0.0177015091
1638.6,0.0169581399
1638.7,0.0159320937
1638.8,0.0155514197
1638.9,0.0159621272
1639,0.0166335775
1639.1,0.0169755775
1639.2,0.0172917109
1639.3,0.0174101771
1639.4,0.0170857179
1639.5,0.0168268505
1639.6,0.0164884218
1639.7,0.0156872927
1639.8,0.0149742168
1639.9,0.0145433421
1640,0.0136482892
1640.1,0.0130448611
1640.2,0.0133103209
1640.3,0.0138236739
1640.4,0.0141264718
1640.5,0.014466389
1640.6,0.0146875569
1640.7,0.0142746238
1640.8,0.0139574722
1640.9,0.0136915001
1641,0.0131073577
1641.1,0.0123690417
1641.2,0.0119882845
1641.3,0.0114385153
1641.4,0.0108193715
1641.5,0.0110417746
1641.6,0.0113632748
1641.7,0.011571443
1641.8,0.0119162453
1641.9,0.0121406787
1642,0.0117777909
1642.1,0.0113721031
1642.2,0.0111171429
1642.3,0.0105670338
1642.4,0.0099392726
1642.5,0.0096273371
1642.6,0.0092914694
1642.7,0.0088843184
1642.8,0.0090221745
1642.9,0.0091740413
1643,0.009365528
1643.1,0.0096649418
1643.2,0.0097511612
1643.3,0.009511188
1643.4,0.0090797038
1643.5,0.0087667995
1643.6,0.008206455
1643.7,0.0077620837
1643.8,0.0075807697
1643.9,0.0073601122
1644,0.0071419472
1644.1,0.0071830946
1644.2,0.007282557
1644.3,0.0074916963
1644.4,0.0076699316
1644.5,0.007650717
1644.6,0.0074463727
1644.7,0.0070547308
1644.8,0.006624642
1644.9,0.0061902849
1645,0.0059778753
1645.1,0.0059091378
1645.2,0.005697886
1645.3,0.0055983432
1645.4,0.0056276883
1645.5,0.0057642871
1645.6,0.0059041052
1645.7,0.0059241524
1645.8,0.0058508019
1645.9,0.0056326563
1646,0.0052033958
1646.1,0.0048302135
1646.2,0.0046379049
1646.3,0.0045971091
1646.4,0.0044558639
1646.5,0.0043031235
1646.6,0.0042931274
1646.7,0.0043747936
1646.8,0.0044590622
1646.9,0.004474356
1647,0.0044277643
1647.1,0.0043017984
1647.2,0.003999495
1647.3,0.0036840863
1647.4,0.0035237441
1647.5,0.0034641865
1647.6,0.0033654041
1647.7,0.0032386534
1647.8,0.0032317366
1647.9,0.003281254
1648,0.0033193702
1648.1,0.0033118133
1648.2,0.003281059
1648.3,0.0031700943
1648.4,0.0029624389
1648.5,0.0027631729
1648.6,0.0026213838
1648.7,0.0025519085
1648.8,0.0024742137
1648.9,0.0023997131
1649,0.00239114
1649.1,0.0024254936
1649.2,0.0024223001
1649.3,0.0024071537
1649.4,0.0023651828
1649.5,0.0022616067
1649.6,0.0021480604
1649.7,0.0020094059
1649.8,0.0018996931
1649.9,0.0018300833
1650,0.0017772393
1650.1,0.0017344809
1650.2,0.001748999
1650.3,0.0017402595
1650.4,0.001726339
1650.5,0.0017019585
1650.6,0.0016457693
1650.7,0.0015907711
1650.8,0.0015063904
1650.9,0.0014143425
1651,0.0013349506
1651.1,0.0012896619
1651.2,0.0012466588
1651.3,0.0012452737
1651.4,0.0012335522
1651.5,0.0012199718
1651.6,0.0012023551
1651.7,0.0011669112
1651.8,0.0011340598
1651.9,0.0010864212
1652,0.0010247791
1652.1,0.000963547
1652.2,0.0009179001
1652.3,0.0008838438
1652.4,0.0008702288
1652.5,0.0008560802
1652.6,0.0008448408
1652.7,0.0008322299
1652.8,0.0008080586
1652.9,0.0007847599
1653,0.0007564253
1653.1,0.0007166918
1653.2,0.0006772533
1653.3,0.0006375161
1653.4,0.0006088482
1653.5,0.0005934053
1653.6,0.000582123
1653.7,0.0005738554
1653.8,0.0005632348
1653.9,0.0005423555
1654,0.0005294577
1654.1,0.0005109878
1654.2,0.000487764
1654.3,0.0004604733
1654.4,0.0004294022
1654.5,0.0004063265
1654.6,0.0003959097
1654.7,0.000388852
1654.8,0.0003830888
1654.9,0.0003674102
1655,0.0003589795
1655.1,0.0003508196
1655.2,0.0003378742
1655.3,0.0003201339
1655.4,0.000300361
1655.5,0.0002760318
1655.6,0.0002650807
1655.7,0.0002599211
1655.8,0.000254532
1655.9,0.0002434596
1656,0.0002385019
1656.1,0.0002341181
1656.2,0.0002250147
1656.3,0.0002135119
1656.4,0.0001994933
1656.5,0.0001838435
1656.6,0.0001735702
1656.7,0.000169442
1656.8,0.0001639119
1656.9,0.0001568087
1657,0.0001541773
1657.1,0.0001515555
1657.2,0.0001453628
1657.3,0.0001368087
1657.4,0.0001279887
1657.5,0.0001197209
1657.6,0.0001124773
1657.7,0.0001079192
1657.8,0.0001031903
1657.9,9.9669852338E-005
1658,9.8609674506E-005
2855,8.4668085129E-005
2855.1,8.3276948938E-005
2855.2,8.1590697794E-005
2855.3,8.3684119192E-005
2855.4,8.7966604239E-005
2855.5,9.1883851182E-005
2855.6,9.5232908055E-005
2855.7,9.8017102871E-005
2855.8,9.8857543088E-005
2855.9,9.961768358E-005
2856,0.0001005628
2856.1,0.000101801
2856.2,0.0001011349
2856.3,9.7823185903E-005
2856.4,9.4866295439E-005
2856.5,9.358085506E-005
2856.6,9.5902265812E-005
2856.7,9.8157258142E-005
2856.8,0.000101712
2856.9,0.0001067179
2857,0.0001096649
2857.1,0.0001113994
2857.2,0.0001151186
2857.3,0.0001168907
2857.4,0.0001163737
2857.5,0.000114641
2857.6,0.000114555
2857.7,0.0001127426
2857.8,0.0001124243
2857.9,0.0001165746
2858,0.0001205443
2858.1,0.0001238219
2858.2,0.0001286646
2858.3,0.0001325341
2858.4,0.000134265
2858.5,0.0001356231
2858.6,0.0001366522
2858.7,0.000136341
2858.8,0.0001350246
2858.9,0.000133189
2859,0.000129891
2859.1,0.0001289439
2859.2,0.0001321116
2859.3,0.0001327006
2859.4,0.0001383447
2859.5,0.0001457153
2859.6,0.0001495542
2859.7,0.0001509704
2859.8,0.0001546047
2859.9,0.0001549207
2860,0.0001523981
2860.1,0.0001533855
2860.2,0.0001554652
2860.3,0.0001513905
2860.4,0.0001516434
2860.5,0.000157613
2860.6,0.0001620685
2860.7,0.0001691797
2860.8,0.0001746985
2860.9,0.000176304
2861,0.0001778818
2861.1,0.0001795643
2861.2,0.0001804288
2861.3,0.0001797149
2861.4,0.0001799618
2861.5,0.000175822
2861.6,0.0001723138
2861.7,0.0001747316
2861.8,0.0001764751
2861.9,0.0001791329
2862,0.0001893723
2862.1,0.0001955821
2862.2,0.0001975421
2862.3,0.0002008773
2862.4,0.0002027814
2862.5,0.0002022219
2862.6,0.0002013551
2862.7,0.0002050951
2862.8,0.0002019412
2862.9,0.0001995609
2863,0.0002047571
2863.1,0.0002097804
2863.2,0.0002190148
2863.3,0.0002286014
2863.4,0.0002303486
2863.5,0.0002305417
2863.6,0.0002325671
2863.7,0.0002359323
2863.8,0.0002375039
2863.9,0.0002356639
2864,0.0002323733
2864.1,0.0002262954
2864.2,0.0002270871
2864.3,0.0002288414
2864.4,0.0002327096
2864.5,0.0002465025
2864.6,0.0002537455
2864.7,0.0002562477
2864.8,0.0002602658
2864.9,0.0002630739
2865,0.0002613653
2865.1,0.0002606041
2865.2,0.0002653595
2865.3,0.0002614439
2865.4,0.0002564575
2865.5,0.0002622685
2865.6,0.000272207
2865.7,0.0002875619
2865.8,0.0002957056
2865.9,0.0002960684
2866,0.0002988406
2866.1,0.0003001793
2866.2,0.0003037382
2866.3,0.0003030331
2866.4,0.0003013464
2866.5,0.0002953168
2866.6,0.0002865138
2866.7,0.0002889764
2866.8,0.0002958556
2866.9,0.0003055155
2867,0.0003185108
2867.1,0.0003255578
2867.2,0.000330015
2867.3,0.000330527
2867.4,0.0003285701
2867.5,0.0003278782
2867.6,0.0003329721
2867.7,0.0003328119
2867.8,0.0003243167
2867.9,0.0003267166
2868,0.0003384077
2868.1,0.0003576622
2868.2,0.0003748659
2868.3,0.0003762701
2868.4,0.0003737914
2868.5,0.0003723639
2868.6,0.0003761483
2868.7,0.0003814599
2868.8,0.0003794147
2868.9,0.0003720847
2869,0.0003620928
2869.1,0.0003614123
2869.2,0.0003726803
2869.3,0.0003885365
2869.4,0.0004007078
2869.5,0.0004060604
2869.6,0.0004095978
2869.7,0.0004093332
2869.8,0.0004074761
2869.9,0.0004106837
2870,0.0004145638
2870.1,0.0004117041
2870.2,0.0004030874
2870.3,0.000409189
2870.4,0.0004248062
2870.5,0.0004490088
2870.6,0.0004656863
2870.7,0.0004651167
2870.8,0.0004577622
2870.9,0.0004549613
2871,0.0004656597
2871.1,0.0004737915
2871.2,0.0004634711
2871.3,0.0004517983
2871.4,0.0004467877
2871.5,0.0004536316
2871.6,0.0004689149
2871.7,0.0004875485
2871.8,0.000492373
2871.9,0.0004940635
2872,0.0004979435
2872.1,0.0004988586
2872.2,0.000499214
2872.3,0.0005003922
2872.4,0.000498976
2872.5,0.0004953988
2872.6,0.0005013781
2872.7,0.0005129674
2872.8,0.0005338032
2872.9,0.0005570135
2873,0.0005656136
2873.1,0.0005570845
2873.2,0.0005465205
2873.3,0.0005556332
2873.4,0.0005715802
2873.5,0.0005642863
2873.6,0.0005474748
2873.7,0.0005490217
2873.8,0.0005583408
2873.9,0.0005653363
2874,0.0005839084
2874.1,0.0005962601
2874.2,0.0005894755
2874.3,0.0005888993
2874.4,0.0006021861
2874.5,0.0005992737
2874.6,0.0005961844
2874.7,0.0005936021
2874.8,0.0005987892
2874.9,0.0006124657
2875,0.0006173382
2875.1,0.0006328274
2875.2,0.0006562241
2875.3,0.0006674121
2875.4,0.0006605811
2875.5,0.0006498493
2875.6,0.000659818
2875.7,0.0006756112
2875.8,0.000668121
2875.9,0.0006559909
2876,0.0006647252
2876.1,0.000669698
2876.2,0.000672241
2876.3,0.0006875856
2876.4,0.0007024851
2876.5,0.0006911864
2876.6,0.0006936967
2876.7,0.00071295
2876.8,0.0007059253
2876.9,0.0006973857
2877,0.000700876
2877.1,0.0007116346
2877.2,0.0007245259
2877.3,0.0007297497
2877.4,0.0007429468
2877.5,0.0007677947
2877.6,0.0007743879
2877.7,0.0007706641
2877.8,0.0007623797
2877.9,0.0007752962
2878,0.0007849862
2878.1,0.0007724279
2878.2,0.000769077
2878.3,0.000778113
2878.4,0.0007848251
2878.5,0.0007852264
2878.6,0.000807132
2878.7,0.0008117783
2878.8,0.0008019215
2878.9,0.000811689
2879,0.0008239099
2879.1,0.0008089578
2879.2,0.0008038625
2879.3,0.0008170865
2879.4,0.0008312806
2879.5,0.0008450094
2879.6,0.0008460339
2879.7,0.0008698042
2879.8,0.0008816525
2879.9,0.000886014
2880,0.0008768478
2880.1,0.0008781965
2880.2,0.0008921581
2880.3,0.0008878038
2880.4,0.0008823253
2880.5,0.0008906448
2880.6,0.0009041629
2880.7,0.0008966884
2880.8,0.000912184
2880.9,0.000924533
2881,0.0009199765
2881.1,0.0009169127
2881.2,0.000930715
2881.3,0.0009228292
2881.4,0.0009142267
2881.5,0.000928996
2881.6,0.0009454043
2881.7,0.0009587399
2881.8,0.0009524192
2881.9,0.0009745355
2882,0.0009863559
2882.1,0.0009878009
2882.2,0.0009768867
2882.3,0.0009784418
2882.4,0.0009896473
2882.5,0.0009916041
2882.6,0.0009857432
2882.7,0.0009960448
2882.8,0.0010031737
2882.9,0.0009981901
2883,0.0010186942
2883.1,0.001025434
2883.2,0.0010189949
2883.3,0.0010168514
2883.4,0.0010297163
2883.5,0.0010266064
2883.6,0.0010249564
2883.7,0.0010379427
2883.8,0.0010527077
2883.9,0.0010570966
2884,0.0010629118
2884.1,0.0010740727
2884.2,0.0010767395
2884.3,0.0010727643
2884.4,0.0010682475
2884.5,0.0010822828
2884.6,0.0010860093
2884.7,0.0010854573
2884.8,0.001092506
2884.9,0.0010982958
2885,0.001103281
2885.1,0.0011038919
2885.2,0.0011061006
2885.3,0.0011010903
2885.4,0.0010958153
2885.5,0.0011068771
2885.6,0.0011114382
2885.7,0.0011062586
2885.8,0.0011231637
2885.9,0.0011305955
2886,0.0011376695
2886.1,0.0011374332
2886.2,0.0011378133
2886.3,0.0011356677
2886.4,0.0011378766
2886.5,0.0011458458
2886.6,0.001154401
2886.7,0.0011520354
2886.8,0.0011628047
2886.9,0.0011699757
2887,0.0011720997
2887.1,0.0011748297
2887.2,0.0011709635
2887.3,0.0011634373
2887.4,0.0011637217
2887.5,0.0011723757
2887.6,0.0011800816
2887.7,0.0011754664
2887.8,0.001189211
2887.9,0.0012038273
2888,0.0011935959
2888.1,0.0011896377
2888.2,0.0011895561
2888.3,0.0011764483
2888.4,0.0011750356
2888.5,0.0011845533
2888.6,0.0012056576
2888.7,0.0011895137
2888.8,0.0011951039
2888.9,0.0012200638
2889,0.0012015779
2889.1,0.0011911801
2889.2,0.001198676
2889.3,0.0011812796
2889.4,0.001178989
2889.5,0.0011948007
2889.6,0.0012184798
2889.7,0.0012051864
2889.8,0.001225393
2889.9,0.0012743936
2890,0.0012372137
2890.1,0.0012197135
2890.2,0.0012325724
2890.3,0.00121703
2890.4,0.0012100087
2890.5,0.0012238219
2890.6,0.0012492338
2890.7,0.0012337743
2890.8,0.0012398334
2890.9,0.0012671666
2891,0.0012313462
2891.1,0.0012151256
2891.2,0.0012336808
2891.3,0.0012178052
2891.4,0.0012089041
2891.5,0.0012259847
2891.6,0.0012461758
2891.7,0.0012267939
2891.8,0.0012510324
2891.9,0.0012885727
2892,0.0012240255
2892.1,0.0011971707
2892.2,0.0012156355
2892.3,0.0012001327
2892.4,0.0011921773
2892.5,0.0012086796
2892.6,0.0012338599
2892.7,0.0012298514
2892.8,0.001250754
2892.9,0.0012530854
2893,0.0012153028
2893.1,0.0012183227
2893.2,0.0012370549
2893.3,0.0012136401
2893.4,0.0012085941
2893.5,0.0012239802
2893.6,0.0012338093
2893.7,0.0012285952
2893.8,0.0012580795
2893.9,0.0012566024
2894,0.0011960011
2894.1,0.0011901728
2894.2,0.0012038094
2894.3,0.001178743
2894.4,0.0011705902
2894.5,0.0011856867
2894.6,0.00119235
2894.7,0.0011863466
2894.8,0.0011787737
2894.9,0.0011428592
2895,0.0011323359
2895.1,0.0011597666
2895.2,0.0011597431
2895.3,0.0011445176
2895.4,0.0011599872
2895.5,0.0011841079
2895.6,0.0011927309
2895.7,0.001201293
2895.8,0.0012113704
2895.9,0.0011750331
2896,0.0011495757
2896.1,0.0011590009
2896.2,0.0011392925
2896.3,0.0011122307
2896.4,0.0011230557
2896.5,0.0011354415
2896.6,0.0011309193
2896.7,0.00111324
2896.8,0.0010853249
2896.9,0.0010839443
2897,0.0010965726
2897.1,0.0010858418
2897.2,0.0010597902
2897.3,0.0010698944
2897.4,0.001091603
2897.5,0.0011045641
2897.6,0.0011091143
2897.7,0.0011173636
2897.8,0.0010953441
2897.9,0.0010790037
2898,0.0010730331
2898.1,0.0010507415
2898.2,0.0010331727
2898.3,0.0010419779
2898.4,0.0010488686
2898.5,0.0010326175
2898.6,0.0010116546
2898.7,0.0010019088
2898.8,0.0010136724
2898.9,0.0010142717
2899,0.000997022
2899.1,0.0009893149
2899.2,0.0010063386
2899.3,0.0010197898
2899.4,0.0010210823
2899.5,0.0010267459
2899.6,0.0010237266
2899.7,0.0010075445
2899.8,0.0009852936
2899.9,0.0009704805
2900,0.0009495901
2900.1,0.0009449005
2900.2,0.0009442502
2900.3,0.0009322989
2900.4,0.0009151748
2900.5,0.0009139216
2900.6,0.0009200609
2900.7,0.0009242501
2900.8,0.0009193785
2900.9,0.0009158819
2901,0.0009356307
2901.1,0.0009594436
2901.2,0.0009763118
2901.3,0.000972962
2901.4,0.0009611778
2901.5,0.0009437092
2901.6,0.0009066999
2901.7,0.000871747
2901.8,0.000848688
2901.9,0.0008321343
2902,0.0008286793
2902.1,0.0008267605
2902.2,0.0008306294
2902.3,0.0008561827
2902.4,0.0008858626
2902.5,0.0009174319
2902.6,0.0009214884
2902.7,0.0009048757
2902.8,0.0008916236
2902.9,0.0008778363
2903,0.0008576239
2903.1,0.000835645
2903.2,0.000815275
2903.3,0.0007967313
2903.4,0.0007893931
2903.5,0.0008028986
2903.6,0.0008184195
2903.7,0.0008177208
2903.8,0.0008112171
2903.9,0.0008001835
2904,0.000791525
2904.1,0.0007892628
2904.2,0.0007888041
2904.3,0.0007880943
2904.4,0.0007661325
2904.5,0.0007284332
2904.6,0.0006831803
2904.7,0.0006555439
2904.8,0.0006454893
2904.9,0.0006397635
2905,0.0006301607
2905.1,0.0006144496
2905.2,0.0005926342
2905.3,0.0005637844
2905.4,0.0005301633
2905.5,0.0004951256
2905.6,0.0004500523
2905.7,0.0004053464
2905.8,0.0003883777
2905.9,0.0003796745
2906,0.0003715579
2906.1,0.0003613552
2906.2,0.0003478375
2906.3,0.000329483
2906.4,0.0003031264
2906.5,0.0002883695
2906.6,0.0002872307
2906.7,0.0002899568
2906.8,0.0002951874
2906.9,0.0003065639
2907,0.0003149199
2907.1,0.0003214996
2907.2,0.0003324684
2907.3,0.0003553971
2907.4,0.0003855404
2907.5,0.0004143628
2907.6,0.0004447466
2907.7,0.0004809827
2907.8,0.0005056728
2907.9,0.000518052
2908,0.0005401115
2908.1,0.0005624569
2908.2,0.0005801067
2908.3,0.0006021081
2908.4,0.0006343339
2908.5,0.0006758922
2908.6,0.0006985079
2908.7,0.0007119641
2908.8,0.0007254272
2908.9,0.0007501087
2909,0.000791346
2909.1,0.0008316115
2909.2,0.0008810932
2909.3,0.0009287764
2909.4,0.0009404904
2909.5,0.0009409832
2909.6,0.0009520139
2909.7,0.0009527269
2909.8,0.0009576961
2909.9,0.0009799043
2910,0.0010323103
2910.1,0.0010583554
2910.2,0.0010601849
2910.3,0.0010620151
2910.4,0.0010716487
2910.5,0.0011199236
2910.6,0.0011717965
2910.7,0.0012238319
2910.8,0.0012805789
2910.9,0.00129992
2911,0.001298931
2911.1,0.0012940729
2911.2,0.0012927139
2911.3,0.0012896371
2911.4,0.0012887816
2911.5,0.001327724
2911.6,0.0013516694
2911.7,0.0013423944
2911.8,0.0013449904
2911.9,0.0013608654
2912,0.0014128772
2912.1,0.001466188
2912.2,0.0015072256
2912.3,0.0015641646
2912.4,0.0015929907
2912.5,0.0016205649
2912.6,0.001610597
2912.7,0.0015797511
2912.8,0.0015521753
2912.9,0.0015296011
2913,0.0015744954
2913.1,0.0015885638
2913.2,0.0015753351
2913.3,0.001573373
2913.4,0.0015957149
2913.5,0.0016541803
2913.6,0.0017028487
2913.7,0.0017643874
2913.8,0.0018063163
2913.9,0.0018477879
2914,0.0018748469
2914.1,0.0018485027
2914.2,0.0017768879
2914.3,0.0017370249
2914.4,0.0017451431
2914.5,0.0017661198
2914.6,0.0017512418
2914.7,0.0017328214
2914.8,0.0017445886
2914.9,0.0017844919
2915,0.001871431
2915.1,0.001926078
2915.2,0.0019621036
2915.3,0.0020044157
2915.4,0.0020457987
2915.5,0.0020263002
2915.6,0.001951604
2915.7,0.0018979808
2915.8,0.0018803841
2915.9,0.0018707587
2916,0.0018504644
2916.1,0.0018361665
2916.2,0.0018269393
2916.3,0.0018911484
2916.4,0.0020066045
2916.5,0.0020378784
2916.6,0.0020572089
2916.7,0.0021179286
2916.8,0.0021257706
2916.9,0.0020947451
2917,0.0020564678
2917.1,0.0019912502
2917.2,0.0019289597
2917.3,0.0019110243
2917.4,0.0018918863
2917.5,0.0018589955
2917.6,0.001893949
2917.7,0.0019948083
2917.8,0.0020736828
2917.9,0.0020952107
2918,0.002138679
2918.1,0.0021415531
2918.2,0.0021107807
2918.3,0.0020960855
2918.4,0.002051732
2918.5,0.0019768633
2918.6,0.0019286443
2918.7,0.0018910692
2918.8,0.0018363737
2918.9,0.0018746609
2919,0.001972411
2919.1,0.0020709286
2919.2,0.0021185888
2919.3,0.0021039845
2919.4,0.0020730505
2919.5,0.0020505056
2919.6,0.0020566269
2919.7,0.0020363251
2919.8,0.0019767684
2919.9,0.0018772294
2920,0.0018052897
2920.1,0.0017851575
2920.2,0.0018586912
2920.3,0.0019620174
2920.4,0.0020476587
2920.5,0.0020367037
2920.6,0.0019801976
2920.7,0.0019503274
2920.8,0.0019638141
2920.9,0.0019688799
2921,0.0019393721
2921.1,0.0018401531
2921.2,0.0017342024
2921.3,0.0017066261
2921.4,0.0017609671
2921.5,0.0018502891
2921.6,0.0019086058
2921.7,0.0018927142
2921.8,0.0018604106
2921.9,0.0018258598
2922,0.0018250019
2922.1,0.0018264437
2922.2,0.0017992098
2922.3,0.0017230895
2922.4,0.0016553477
2922.5,0.0016161534
2922.6,0.0016673304
2922.7,0.0017101665
2922.8,0.0017383888
2922.9,0.0017172702
2923,0.0016963891
2923.1,0.0016658785
2923.2,0.0016556741
2923.3,0.0016512908
2923.4,0.001612951
2923.5,0.0015647563
2923.6,0.0015264499
2923.7,0.0015244271
2923.8,0.0015284236
2923.9,0.0015386435
2924,0.0015293888
2924.1,0.0015226349
2924.2,0.0015122459
2924.3,0.0014828972
2924.4,0.0014630243
2924.5,0.0014529343
2924.6,0.001431144
2924.7,0.0014076639
2924.8,0.0013809983
2924.9,0.0013407732
2925,0.0013370607
2925.1,0.0013417922
2925.2,0.001335221
2925.3,0.0013204731
2925.4,0.0012988516
2925.5,0.0012881755
2925.6,0.0012917866
2925.7,0.0012771854
2925.8,0.0012164317
2925.9,0.0011820955
2926,0.0011564753
2926.1,0.0011627676
2926.2,0.0011495482
2926.3,0.0011293875
2926.4,0.0011279841
2926.5,0.0011373856
2926.6,0.0011349695
2926.7,0.0011083738
2926.8,0.0010400027
2926.9,0.001002861
2927,0.0009999171
2927.1,0.0009933281
2927.2,0.0009690849
2927.3,0.0009579872
2927.4,0.0009680613
2927.5,0.0009772158
2927.6,0.0009668308
2927.7,0.0009180086
2927.8,0.0008577178
2927.9,0.0008360672
2928,0.0008395132
2928.1,0.0008368034
2928.2,0.0008137278
2928.3,0.000807672
2928.4,0.0008073127
2928.5,0.0008038956
2928.6,0.0007783217
2928.7,0.0007283049
2928.8,0.0006935787
2928.9,0.000694011
2929,0.0007009631
2929.1,0.0006879708
2929.2,0.0006623238
2929.3,0.0006561554
2929.4,0.0006407028
2929.5,0.0006210879
2929.6,0.0006015576
2929.7,0.0005779888
2929.8,0.0005711678
2929.9,0.0005662219
2930,0.0005529579
2930.1,0.000534224
2930.2,0.0005158025
2930.3,0.0004986612
2930.4,0.0004906773
2930.5,0.0004833546
2930.6,0.0004676408
2930.7,0.000451707
2930.8,0.0004413355
2930.9,0.0004298825
2931,0.0004126576
2931.1,0.0003950064
2931.2,0.0003839685
2931.3,0.0003783555
2931.4,0.0003684492
2931.5,0.0003596761
2931.6,0.0003483976
2931.7,0.0003364305
2931.8,0.0003197739
2931.9,0.000299548
2932,0.0002909055
2932.1,0.0002900058
2932.2,0.0002843025
2932.3,0.0002762274
2932.4,0.000266188
2932.5,0.0002474347
2932.6,0.0002332126
2932.7,0.0002253867
2932.8,0.0002225598
2932.9,0.0002154213
2933,0.0002076086
2933.1,0.0001982414
2933.2,0.0001882877
2933.3,0.0001799322
2933.4,0.000171858
2933.5,0.0001642825
2933.6,0.0001579996
2933.7,0.0001507026
2933.8,0.0001425701
2933.9,0.0001374507
2934,0.0001332816
2934.1,0.000126716
2934.2,0.0001173538
2934.3,0.0001099058
2934.4,0.0001046917
2934.5,0.0001000781
2934.6,9.6930908093E-005
2934.7,9.3425721206E-005
2934.8,8.6106244228E-005
2934.9,7.836361726E-005
2935,7.4525241941E-005
2935.1,7.0862874538E-005
2935.2,6.7436502897E-005
2935.3,6.3957739246E-005
2935.4,5.9287691223E-005
2935.5,5.4958688744E-005
2935.6,5.0958324252E-005
2935.7,4.7212106298E-005
2935.8,4.4104601217E-005
2935.9,4.1356787458E-005
2936,0.000037993
2936.1,3.5261218564E-005
2936.2,3.2447584748E-005
2936.3,2.9681860673E-005
2936.4,2.7113620013E-005
2936.5,2.4755585905E-005
2936.6,0.000022949
2936.7,2.108129406E-005
2936.8,1.8978947329E-005
2936.9,1.6703832003E-005
2937,1.4912446477E-005
2937.1,1.3648359792E-005
2937.2,1.2628743642E-005
2937.3,1.1257395574E-005
2937.4,9.5463110479E-006
2937.5,8.6192775953E-006
2937.6,7.8666113059E-006
2937.7,7.0523634291E-006
2937.8,6.2888046447E-006
2937.9,5.3358124925E-006
2938,4.6362371405E-006
2938.1,4.1697325569E-006
2938.2,0.000003695
2938.3,3.111827038E-006
2938.4,2.6325072171E-006
2938.5,2.3309314098E-006
2938.6,2.0605877511E-006
2938.7,1.7361645188E-006
2938.8,1.4888572365E-006
2938.9,1.3337860318E-006
2939,1.1702916486E-006
2939.1,9.7844553754E-007
2939.2,8.5660087241E-007
2939.3,7.4437745513E-007
2939.4,6.1980047758E-007
2939.5,5.3663647494E-007
2939.6,4.5558880999E-007
2939.7,3.8620997238E-007
2939.8,3.2835937004E-007
2939.9,2.8533399389E-007
2940,2.5725968239E-007
2940.1,2.3767092742E-007
2940.2,2.1766028581E-007
2940.3,1.9619950443E-007
2940.4,0.000000179
2940.5,1.6571788775E-007
2940.6,1.5491499819E-007
2940.7,1.4741129719E-007
2940.8,0.000000141
2940.9,1.2927951896E-007
2941,1.1888309691E-007
2941.1,1.1244259405E-007
2941.2,1.0729772518E-007
2941.3,1.0422691748E-007
2941.4,1.0329532569E-007
2941.5,0.000000098
2941.6,8.9391964325E-008
2941.7,8.351502637E-008
2941.8,7.9649488216E-008
2941.9,0.000000078
2942,7.9113239294E-008
2942.1,7.8841877594E-008
2942.2,7.3220713794E-008
2942.3,6.817760903E-008
2942.4,6.6272276512E-008
2942.5,6.6448958173E-008
2942.6,6.9239104108E-008
2942.7,7.140996883E-008
2942.8,6.8340842074E-008
2942.9,0.000000063
2943,6.0561869842E-008
2943.1,5.9735494513E-008
2943.2,6.0785096661E-008
2943.3,6.3070051523E-008
2943.4,6.1630071365E-008
2943.5,5.6779307132E-008
2943.6,5.393499607E-008
2943.7,5.3513737228E-008
2943.8,5.5279038129E-008
2943.9,5.8512673083E-008
2944,5.8925686725E-008
2944.1,5.5474184761E-008
2944.2,5.2200696866E-008
2944.3,5.1537965524E-008
2944.4,5.2933647934E-008
2944.5,5.5470181498E-008
2944.6,5.4862187401E-008
2944.7,5.0933405086E-008
2944.8,4.6836797318E-008
2944.9,4.5777877782E-008
2945,4.7050007452E-008
2945.1,4.953578799E-008
2945.2,4.9684081588E-008
2945.3,4.7107197627E-008
2945.4,4.3282892951E-008
2945.5,4.2205251939E-008
2945.6,4.3534220834E-008
2945.7,4.5627532975E-008
2945.8,4.5635908611E-008
2945.9,4.3382996907E-008
2946,3.9552029297E-008
2946.1,0.000000038
2946.2,3.9336801874E-008
2946.3,4.1616180194E-008
2946.4,4.1820697666E-008
2946.5,0.00000004
2946.6,3.6722088849E-008
2946.7,0.000000036
2946.8,3.7603467196E-008
2946.9,3.8582862338E-008
2947,3.8261699073E-008
2947.1,3.6353833133E-008
2947.2,3.3508016049E-008
2947.3,3.3277772277E-008
2947.4,3.4806093465E-008
2947.5,3.5355563215E-008
2947.6,3.514532105E-008
2947.7,0.000000034
2947.8,3.2946291803E-008
2947.9,3.3794733262E-008
2948,3.4906398067E-008
2948.1,0.000000035
2948.2,3.4172922833E-008
2948.3,3.1694492229E-008
2948.4,2.930509829E-008
2948.5,2.9646324886E-008
2948.6,2.9868724804E-008
2948.7,2.9632716978E-008
2948.8,2.8816177879E-008
2948.9,2.6906558803E-008
2949,2.663225482E-008
2949.1,2.7532095035E-008
2949.2,2.8683773644E-008
2949.3,2.9895679332E-008
2949.4,2.9434126112E-008
2949.5,2.8102177262E-008
2949.6,2.8270203959E-008
2949.7,2.8100072018E-008
2949.8,2.7131572434E-008
2949.9,2.5459737811E-008
2950,2.3789867657E-008
